query_id,reference_id
Q00003,R326040
Q00004,R852827
Q00008,R246671
Q00026,R937849
Q00028,R557200
Q00029,R487691
Q00031,R863161
Q00035,R531761
Q00037,R450692
Q00046,R277154
Q00049,R217235
Q00051,R645759
Q00058,R757586
Q00061,R020965
Q00063,R645082
Q00065,R267733
Q00071,R494641
Q00073,R379825
Q00083,R964915
Q00084,R949656
Q00089,R358261
Q00096,R402336
Q00109,R063541
Q00113,R858201
Q00117,R414344
Q00123,R689939
Q00128,R699182
Q00132,R373732
Q00149,R623659
Q00150,R231163
Q00152,R051767
Q00155,R779963
Q00161,R630056
Q00163,R180219
Q00171,R873872
Q00185,R472314
Q00187,R712300
Q00198,R548358
Q00205,R135564
Q00206,R595071
Q00208,R951638
Q00210,R605071
Q00211,R093166
Q00214,R697938
Q00217,R505137
Q00220,R409236
Q00221,R698063
Q00237,R815689
Q00255,R391242
Q00259,R831896
Q00260,R626755
Q00264,R526733
Q00274,R405525
Q00279,R835598
Q00283,R770363
Q00291,R276389
Q00294,R462833
Q00299,R170923
Q00300,R105129
Q00310,R539117
Q00313,R075108
Q00316,R321619
Q00322,R740364
Q00323,R126016
Q00324,R044970
Q00326,R274876
Q00329,R345684
Q00338,R003142
Q00347,R183647
Q00353,R707829
Q00359,R341020
Q00363,R247147
Q00364,R722330
Q00365,R788058
Q00369,R419725
Q00375,R828267
Q00388,R119752
Q00389,R552823
Q00392,R451016
Q00393,R080786
Q00396,R868533
Q00403,R617127
Q00409,R155605
Q00419,R870815
Q00423,R983617
Q00433,R767496
Q00434,R678038
Q00439,R890569
Q00450,R152537
Q00460,R386493
Q00470,R583310
Q00471,R747517
Q00472,R431059
Q00477,R473872
Q00480,R848625
Q00488,R385189
Q00489,R807545
Q00495,R207475
Q00496,R261103
Q00497,R567348
Q00506,R773175
Q00510,R201784
Q00511,R301469
Q00514,R394110
Q00521,R574471
Q00523,R822056
Q00525,R473755
Q00531,R816253
Q00537,R551533
Q00541,R317754
Q00547,R820316
Q00549,R849056
Q00550,R961078
Q00552,R179424
Q00565,R573129
Q00567,R853022
Q00571,R259667
Q00574,R259180
Q00582,R764540
Q00584,R887036
Q00586,R342971
Q00595,R401451
Q00596,R125688
Q00597,R348165
Q00602,R202585
Q00607,R199799
Q00609,R342268
Q00620,R446295
Q00638,R885088
Q00639,R203160
Q00648,R835984
Q00649,R470267
Q00650,R762181
Q00652,R416618
Q00654,R449375
Q00667,R075820
Q00674,R389005
Q00680,R056788
Q00685,R946181
Q00686,R851226
Q00687,R162069
Q00694,R055933
Q00695,R450725
Q00698,R694106
Q00720,R757419
Q00742,R480181
Q00743,R155565
Q00746,R893827
Q00748,R007851
Q00752,R821955
Q00758,R850365
Q00770,R174933
Q00774,R408785
Q00782,R462324
Q00789,R633069
Q00794,R309629
Q00795,R082645
Q00797,R951914
Q00814,R032607
Q00815,R074463
Q00820,R857479
Q00824,R964604
Q00846,R033260
Q00848,R780955
Q00854,R161734
Q00861,R126235
Q00870,R906030
Q00874,R357118
Q00877,R204794
Q00880,R883160
Q00881,R124803
Q00889,R837403
Q00901,R561573
Q00906,R014120
Q00907,R737365
Q00910,R564257
Q00911,R044290
Q00912,R544288
Q00917,R490086
Q00919,R559993
Q00925,R512880
Q00926,R416107
Q00939,R931402
Q00940,R552565
Q00946,R796566
Q00947,R348135
Q00955,R440640
Q00958,R245898
Q00960,R370997
Q00962,R170231
Q00966,R838707
Q00968,R988996
Q00973,R860967
Q00976,R249398
Q00977,R314665
Q00978,R532303
Q00985,R261312
Q00986,R521685
Q00987,R782114
Q00991,R930054
Q01006,R655225
Q01008,R224199
Q01012,R346608
Q01021,R320697
Q01023,R681303
Q01044,R189537
Q01055,R771254
Q01066,R553831
Q01071,R829384
Q01081,R243077
Q01086,R521221
Q01087,R263735
Q01091,R484233
Q01092,R709884
Q01094,R026396
Q01105,R293609
Q01108,R630410
Q01109,R877317
Q01113,R255665
Q01114,R021968
Q01117,R129301
Q01118,R953999
Q01120,R726639
Q01128,R254830
Q01129,R726707
Q01131,R256111
Q01134,R147358
Q01139,R040062
Q01144,R032013
Q01146,R394570
Q01148,R590030
Q01149,R056083
Q01150,R010286
Q01152,R109078
Q01153,R638005
Q01158,R735116
Q01160,R645894
Q01164,R658448
Q01166,R177493
Q01172,R196328
Q01173,R351621
Q01181,R948742
Q01182,R925451
Q01183,R173806
Q01184,R207105
Q01188,R224883
Q01193,R551878
Q01196,R193853
Q01200,R043984
Q01204,R026440
Q01206,R191004
Q01209,R097568
Q01232,R954562
Q01235,R078160
Q01250,R464148
Q01259,R934438
Q01263,R084305
Q01264,R602395
Q01269,R318385
Q01271,R589520
Q01272,R289891
Q01273,R414978
Q01274,R600207
Q01278,R584789
Q01290,R145485
Q01292,R569833
Q01310,R847749
Q01316,R230119
Q01319,R180880
Q01327,R964011
Q01330,R205413
Q01341,R525243
Q01342,R334690
Q01345,R496116
Q01348,R926030
Q01351,R047843
Q01358,R207426
Q01362,R841920
Q01365,R327200
Q01368,R942310
Q01374,R888383
Q01377,R664202
Q01381,R746946
Q01383,R550291
Q01390,R805472
Q01419,R138136
Q01425,R478172
Q01432,R453941
Q01434,R957539
Q01444,R405092
Q01467,R036921
Q01474,R502957
Q01483,R519341
Q01487,R432442
Q01489,R560831
Q01491,R866326
Q01495,R847477
Q01498,R253113
Q01501,R540646
Q01507,R619715
Q01508,R440101
Q01513,R818886
Q01517,R558869
Q01519,R891638
Q01522,R556991
Q01528,R461724
Q01545,R698875
Q01547,R847964
Q01549,R017215
Q01559,R450464
Q01569,R543591
Q01573,R374983
Q01580,R609682
Q01581,R619873
Q01586,R997903
Q01588,R899255
Q01598,R885818
Q01607,R692439
Q01612,R668207
Q01614,R232784
Q01619,R183987
Q01624,R491512
Q01627,R582203
Q01635,R504919
Q01639,R078242
Q01647,R650339
Q01648,R315418
Q01662,R284968
Q01663,R043507
Q01665,R528710
Q01676,R125879
Q01679,R973617
Q01684,R687700
Q01692,R195591
Q01693,R422514
Q01709,R368304
Q01716,R745703
Q01719,R445181
Q01725,R496956
Q01726,R308423
Q01738,R271636
Q01739,R274361
Q01740,R195692
Q01741,R697334
Q01746,R930695
Q01752,R016653
Q01756,R942826
Q01757,R503512
Q01758,R861872
Q01759,R176668
Q01761,R322271
Q01762,R742239
Q01765,R538626
Q01768,R615382
Q01774,R812993
Q01781,R891977
Q01782,R597820
Q01783,R234615
Q01792,R265276
Q01796,R605867
Q01797,R126580
Q01799,R628268
Q01805,R763619
Q01813,R576298
Q01815,R271212
Q01818,R756958
Q01821,R844827
Q01825,R131094
Q01836,R271708
Q01837,R469294
Q01842,R868774
Q01849,R494882
Q01850,R902997
Q01852,R215835
Q01854,R002815
Q01856,R181615
Q01857,R187236
Q01858,R989517
Q01868,R799096
Q01869,R757984
Q01870,R739240
Q01872,R603355
Q01876,R436329
Q01881,R371292
Q01893,R017945
Q01896,R430516
Q01897,R124002
Q01900,R922780
Q01913,R581075
Q01919,R526806
Q01922,R541879
Q01934,R579014
Q01935,R572228
Q01941,R440226
Q01948,R535030
Q01949,R127266
Q01950,R333631
Q01951,R626178
Q01953,R142962
Q01956,R954612
Q01962,R903641
Q01966,R579681
Q01980,R080726
Q01988,R603670
Q01990,R958760
Q01993,R549530
Q01996,R335778
Q01997,R291322
Q02000,R768804
Q02015,R365353
Q02019,R463204
Q02023,R680357
Q02029,R762329
Q02033,R009770
Q02043,R445532
Q02048,R194460
Q02051,R008373
Q02061,R145079
Q02069,R106139
Q02074,R152374
Q02076,R223643
Q02079,R555698
Q02083,R742178
Q02084,R479671
Q02086,R254011
Q02088,R191263
Q02091,R648796
Q02092,R870047
Q02093,R536800
Q02096,R864871
Q02101,R094479
Q02105,R240985
Q02112,R891727
Q02120,R772161
Q02121,R928001
Q02126,R780437
Q02132,R609760
Q02143,R474160
Q02144,R754408
Q02146,R414780
Q02151,R887456
Q02152,R234027
Q02159,R111106
Q02160,R028223
Q02184,R523537
Q02194,R969349
Q02196,R280076
Q02206,R284877
Q02218,R151976
Q02225,R442799
Q02226,R589449
Q02228,R335021
Q02240,R121094
Q02246,R175866
Q02250,R134433
Q02252,R224772
Q02257,R560647
Q02261,R581172
Q02263,R726752
Q02264,R611638
Q02268,R800403
Q02272,R670911
Q02275,R030372
Q02276,R586407
Q02281,R658843
Q02282,R397436
Q02283,R279090
Q02284,R534497
Q02286,R496736
Q02302,R365095
Q02315,R360534
Q02345,R086095
Q02351,R690079
Q02356,R557435
Q02364,R242384
Q02365,R217498
Q02373,R192430
Q02375,R585648
Q02384,R379168
Q02386,R100167
Q02390,R223157
Q02397,R477514
Q02398,R810530
Q02407,R526612
Q02419,R438408
Q02423,R712265
Q02431,R372918
Q02440,R301522
Q02447,R107497
Q02451,R830414
Q02452,R227368
Q02455,R658556
Q02460,R222182
Q02469,R490602
Q02470,R989992
Q02471,R327811
Q02472,R447299
Q02478,R383768
Q02482,R833061
Q02493,R892292
Q02500,R333888
Q02504,R450888
Q02505,R720321
Q02507,R098371
Q02509,R669031
Q02513,R986078
Q02515,R796338
Q02521,R558720
Q02530,R574560
Q02533,R109928
Q02535,R559042
Q02538,R286222
Q02541,R992234
Q02543,R269494
Q02544,R514455
Q02549,R452934
Q02550,R281895
Q02551,R953377
Q02564,R599204
Q02569,R779248
Q02572,R615010
Q02573,R075575
Q02576,R731618
Q02577,R895959
Q02583,R073429
Q02584,R248499
Q02586,R645939
Q02590,R999289
Q02598,R471346
Q02612,R996194
Q02613,R943963
Q02619,R909005
Q02621,R130354
Q02624,R201401
Q02642,R859148
Q02649,R185871
Q02651,R029794
Q02658,R534126
Q02664,R903201
Q02672,R040813
Q02675,R227622
Q02679,R971221
Q02680,R227138
Q02690,R863729
Q02706,R708369
Q02707,R689578
Q02710,R930951
Q02712,R618876
Q02724,R613651
Q02725,R896264
Q02728,R701759
Q02729,R480517
Q02735,R448596
Q02736,R729991
Q02740,R936519
Q02741,R245762
Q02749,R393426
Q02757,R421602
Q02768,R736073
Q02777,R335116
Q02785,R562875
Q02796,R257653
Q02798,R109332
Q02799,R907542
Q02815,R501567
Q02819,R681222
Q02840,R015696
Q02867,R238532
Q02881,R910793
Q02890,R771610
Q02895,R540159
Q02897,R375280
Q02901,R514604
Q02902,R156523
Q02904,R609880
Q02912,R889466
Q02913,R168400
Q02914,R516575
Q02916,R388022
Q02917,R267999
Q02939,R934293
Q02945,R005713
Q02947,R566815
Q02963,R315109
Q02968,R239703
Q02969,R616370
Q02971,R380639
Q02974,R987219
Q02981,R248361
Q02987,R754224
Q02990,R160833
Q02993,R099854
Q02999,R255622
Q03010,R838043
Q03013,R596087
Q03020,R983233
Q03034,R163636
Q03038,R543964
Q03039,R542115
Q03046,R958897
Q03048,R193660
Q03050,R818138
Q03052,R935479
Q03053,R046712
Q03054,R364011
Q03061,R339051
Q03064,R232093
Q03068,R692020
Q03073,R355259
Q03085,R517394
Q03090,R334559
Q03095,R639100
Q03113,R761066
Q03115,R382845
Q03125,R340576
Q03131,R135711
Q03145,R652131
Q03146,R873841
Q03152,R559000
Q03158,R040535
Q03159,R972464
Q03160,R537340
Q03161,R780081
Q03170,R360877
Q03176,R848906
Q03182,R182811
Q03193,R623694
Q03195,R968925
Q03200,R738000
Q03204,R227605
Q03205,R109426
Q03209,R190590
Q03211,R348850
Q03214,R064669
Q03215,R199983
Q03217,R407074
Q03218,R033871
Q03221,R618214
Q03225,R089069
Q03230,R908734
Q03233,R023861
Q03235,R671675
Q03237,R231988
Q03241,R954600
Q03245,R976140
Q03247,R201370
Q03250,R152124
Q03262,R380093
Q03267,R583174
Q03273,R021774
Q03280,R386049
Q03281,R807972
Q03284,R666467
Q03285,R025235
Q03288,R432420
Q03294,R201591
Q03295,R266456
Q03299,R473709
Q03305,R605872
Q03306,R204717
Q03313,R632150
Q03315,R591872
Q03316,R267633
Q03321,R531967
Q03322,R664714
Q03325,R343006
Q03326,R413213
Q03336,R062648
Q03339,R794695
Q03348,R543849
Q03349,R868677
Q03355,R428516
Q03357,R662395
Q03360,R648933
Q03362,R922660
Q03363,R750719
Q03364,R038109
Q03370,R903791
Q03378,R194651
Q03393,R171897
Q03398,R802895
Q03399,R519909
Q03401,R849705
Q03407,R484513
Q03408,R122664
Q03411,R926691
Q03413,R063939
Q03420,R441263
Q03424,R175477
Q03431,R094089
Q03435,R114371
Q03440,R019268
Q03446,R184449
Q03451,R832166
Q03453,R514625
Q03456,R373350
Q03460,R885756
Q03464,R746906
Q03468,R442720
Q03472,R061904
Q03480,R622842
Q03494,R918329
Q03501,R822919
Q03506,R884513
Q03511,R829271
Q03520,R881253
Q03525,R327157
Q03533,R965029
Q03542,R853932
Q03546,R362035
Q03555,R229595
Q03556,R053726
Q03564,R755396
Q03572,R048860
Q03581,R884921
Q03583,R756349
Q03584,R528675
Q03587,R587722
Q03588,R908970
Q03599,R508557
Q03602,R872365
Q03605,R763292
Q03609,R937263
Q03611,R615146
Q03635,R504242
Q03637,R477958
Q03643,R048959
Q03650,R224822
Q03655,R936216
Q03656,R675428
Q03657,R146197
Q03658,R119873
Q03660,R699675
Q03671,R252433
Q03683,R702400
Q03685,R217978
Q03687,R931837
Q03695,R999773
Q03715,R798272
Q03721,R753315
Q03729,R757168
Q03737,R080921
Q03741,R718580
Q03753,R258583
Q03761,R784979
Q03764,R599300
Q03772,R071692
Q03774,R488581
Q03777,R672087
Q03781,R445711
Q03782,R542612
Q03784,R071066
Q03790,R499644
Q03794,R079561
Q03795,R663879
Q03814,R818987
Q03815,R814777
Q03818,R824242
Q03820,R286887
Q03821,R714224
Q03824,R764585
Q03826,R949911
Q03832,R547959
Q03834,R580972
Q03853,R555749
Q03854,R005527
Q03857,R081200
Q03863,R379158
Q03885,R075591
Q03886,R858495
Q03895,R390082
Q03897,R139025
Q03908,R333996
Q03914,R599419
Q03916,R496852
Q03918,R083717
Q03923,R598411
Q03925,R337248
Q03930,R928512
Q03943,R747169
Q03947,R136018
Q03950,R519290
Q03952,R631357
Q03959,R124958
Q03961,R036479
Q03965,R898647
Q03966,R927751
Q03975,R547993
Q03977,R325705
Q03981,R357782
Q03984,R920251
Q03987,R835198
Q03998,R997457
Q04000,R637012
Q04008,R495541
Q04014,R427401
Q04020,R680881
Q04035,R527467
Q04046,R163286
Q04062,R065317
Q04067,R618891
Q04071,R932321
Q04072,R289200
Q04076,R455520
Q04078,R881037
Q04079,R038735
Q04082,R171215
Q04083,R772001
Q04086,R559650
Q04087,R836184
Q04088,R538501
Q04096,R882725
Q04100,R519359
Q04102,R308861
Q04106,R771143
Q04111,R022514
Q04113,R030138
Q04118,R086637
Q04124,R790262
Q04125,R209680
Q04128,R825562
Q04131,R476030
Q04143,R733197
Q04147,R482200
Q04148,R970577
Q04155,R659333
Q04159,R342047
Q04161,R268439
Q04162,R687510
Q04165,R954932
Q04167,R167225
Q04171,R689723
Q04172,R756865
Q04174,R345568
Q04176,R098777
Q04177,R196054
Q04180,R381076
Q04183,R897901
Q04188,R989522
Q04189,R770447
Q04215,R230006
Q04216,R835256
Q04242,R100003
Q04245,R991173
Q04249,R871975
Q04259,R329462
Q04262,R962143
Q04265,R070009
Q04271,R570958
Q04284,R123957
Q04288,R654878
Q04289,R063813
Q04290,R546332
Q04292,R524592
Q04296,R738159
Q04306,R161465
Q04307,R681369
Q04308,R849025
Q04319,R985951
Q04322,R394804
Q04330,R962832
Q04341,R487887
Q04348,R576531
Q04350,R071674
Q04353,R968893
Q04358,R422048
Q04360,R100711
Q04363,R316568
Q04364,R326979
Q04367,R985409
Q04376,R895547
Q04378,R418602
Q04381,R032330
Q04401,R450803
Q04406,R529117
Q04407,R189399
Q04414,R013853
Q04418,R381657
Q04425,R631745
Q04427,R051362
Q04428,R364411
Q04433,R814367
Q04434,R610689
Q04440,R786048
Q04446,R199393
Q04448,R863958
Q04452,R451744
Q04453,R577821
Q04465,R464955
Q04475,R683265
Q04489,R524171
Q04490,R196517
Q04500,R507322
Q04502,R167883
Q04503,R198713
Q04507,R893519
Q04512,R636405
Q04523,R948482
Q04528,R055263
Q04530,R919367
Q04532,R883396
Q04534,R854870
Q04539,R183810
Q04544,R740824
Q04547,R501329
Q04563,R846646
Q04572,R020251
Q04578,R944748
Q04580,R002943
Q04584,R490372
Q04588,R456124
Q04596,R560794
Q04597,R479105
Q04598,R933712
Q04602,R004613
Q04605,R197445
Q04609,R401299
Q04610,R750660
Q04611,R189017
Q04618,R016215
Q04629,R033718
Q04633,R892104
Q04637,R523695
Q04639,R586764
Q04640,R826416
Q04646,R994081
Q04648,R811863
Q04651,R451357
Q04654,R562076
Q04660,R340614
Q04667,R294463
Q04669,R605154
Q04674,R299708
Q04680,R799957
Q04683,R462268
Q04685,R095783
Q04686,R749310
Q04691,R359360
Q04692,R310281
Q04694,R285494
Q04705,R491047
Q04706,R801002
Q04710,R328346
Q04718,R444392
Q04729,R904836
Q04731,R180920
Q04732,R886748
Q04741,R665705
Q04749,R922018
Q04752,R935601
Q04759,R891418
Q04761,R719003
Q04763,R370481
Q04768,R355128
Q04772,R336731
Q04778,R096011
Q04779,R959712
Q04788,R775728
Q04789,R441103
Q04791,R555900
Q04792,R798216
Q04802,R807447
Q04816,R636631
Q04819,R277574
Q04820,R203749
Q04829,R601099
Q04837,R206916
Q04843,R393056
Q04847,R922417
Q04852,R690791
Q04855,R370140
Q04865,R624629
Q04869,R554802
Q04872,R015986
Q04876,R454323
Q04884,R396249
Q04890,R182570
Q04891,R757778
Q04894,R681030
Q04896,R416083
Q04917,R264660
Q04925,R055480
Q04932,R921643
Q04936,R486918
Q04941,R673225
Q04942,R639286
Q04947,R930374
Q04949,R750784
Q04958,R981463
Q04962,R552921
Q04967,R271679
Q04968,R818202
Q04969,R415614
Q04978,R042444
Q04979,R806264
Q04983,R462244
Q04990,R790188
Q04997,R826424
Q04998,R578898
Q04999,R462973
Q05005,R475672
Q05007,R072319
Q05011,R849384
Q05015,R170326
Q05016,R222262
Q05021,R164007
Q05023,R322607
Q05025,R631929
Q05027,R655526
Q05033,R051249
Q05035,R945235
Q05039,R952604
Q05046,R010499
Q05047,R646672
Q05052,R857730
Q05063,R141418
Q05073,R282862
Q05077,R140835
Q05094,R519720
Q05098,R412309
Q05103,R714970
Q05115,R350680
Q05118,R626417
Q05119,R863408
Q05121,R430654
Q05123,R157957
Q05124,R919660
Q05127,R218467
Q05134,R586519
Q05143,R593364
Q05155,R598730
Q05164,R530492
Q05169,R248072
Q05170,R703622
Q05171,R702882
Q05177,R535189
Q05180,R675534
Q05187,R762226
Q05193,R885358
Q05205,R178980
Q05207,R590907
Q05208,R153660
Q05210,R209202
Q05217,R412066
Q05232,R825810
Q05237,R334803
Q05241,R808195
Q05245,R245411
Q05252,R524615
Q05253,R735245
Q05255,R523465
Q05260,R460074
Q05263,R835585
Q05266,R189232
Q05275,R644365
Q05277,R929920
Q05280,R991357
Q05281,R653146
Q05289,R951426
Q05291,R243679
Q05292,R434907
Q05295,R791854
Q05302,R212515
Q05304,R806764
Q05306,R013756
Q05308,R026258
Q05314,R272658
Q05321,R266972
Q05327,R254174
Q05328,R270998
Q05331,R443763
Q05344,R538878
Q05345,R597809
Q05346,R780487
Q05348,R114071
Q05349,R719509
Q05354,R970443
Q05362,R928236
Q05372,R685150
Q05388,R013394
Q05392,R472251
Q05404,R710462
Q05409,R703124
Q05418,R249152
Q05419,R992903
Q05421,R298846
Q05424,R741410
Q05426,R516599
Q05429,R317994
Q05432,R403058
Q05436,R457499
Q05458,R284895
Q05470,R721625
Q05476,R119199
Q05481,R567497
Q05486,R202022
Q05491,R285810
Q05499,R579425
Q05507,R896140
Q05510,R287060
Q05516,R365054
Q05523,R328432
Q05525,R718974
Q05528,R094480
Q05531,R673190
Q05533,R822660
Q05536,R630439
Q05543,R591131
Q05546,R247098
Q05552,R955061
Q05562,R002092
Q05563,R492243
Q05564,R253367
Q05571,R986304
Q05577,R366419
Q05578,R267852
Q05579,R195893
Q05581,R196575
Q05591,R636496
Q05594,R688695
Q05596,R516723
Q05598,R768840
Q05606,R559566
Q05617,R850748
Q05618,R979763
Q05628,R470146
Q05629,R984900
Q05632,R632284
Q05633,R561823
Q05634,R024358
Q05640,R261271
Q05643,R091083
Q05644,R479098
Q05649,R775772
Q05650,R679495
Q05653,R919804
Q05655,R254248
Q05657,R958765
Q05659,R876516
Q05670,R895440
Q05673,R711752
Q05682,R523246
Q05685,R171284
Q05687,R488206
Q05695,R416330
Q05700,R534358
Q05703,R591221
Q05722,R139540
Q05730,R411958
Q05737,R732618
Q05743,R115318
Q05745,R866746
Q05748,R945861
Q05751,R754092
Q05775,R365632
Q05779,R850934
Q05789,R425907
Q05791,R725467
Q05796,R775031
Q05800,R364117
Q05801,R636542
Q05813,R586214
Q05830,R820348
Q05833,R615950
Q05834,R225725
Q05840,R414213
Q05845,R162492
Q05846,R932708
Q05847,R110618
Q05848,R390358
Q05854,R952372
Q05855,R674402
Q05868,R604524
Q05874,R226831
Q05875,R736600
Q05876,R067094
Q05881,R007283
Q05886,R885974
Q05889,R212666
Q05893,R169342
Q05899,R403703
Q05906,R952330
Q05913,R830306
Q05920,R612027
Q05921,R823928
Q05925,R019908
Q05933,R599485
Q05945,R464617
Q05949,R731212
Q05957,R368426
Q05970,R939309
Q05979,R347145
Q05981,R156489
Q05982,R114213
Q05986,R318699
Q06002,R488755
Q06003,R218976
Q06010,R730856
Q06012,R574975
Q06014,R646843
Q06020,R071116
Q06021,R036637
Q06027,R463671
Q06028,R383995
Q06043,R299504
Q06047,R962438
Q06054,R790897
Q06057,R627273
Q06058,R911406
Q06062,R312482
Q06064,R674800
Q06067,R736378
Q06073,R956342
Q06076,R974528
Q06083,R362781
Q06086,R158056
Q06087,R460879
Q06095,R548996
Q06100,R262682
Q06101,R875367
Q06103,R574375
Q06104,R548491
Q06112,R936782
Q06113,R179793
Q06115,R521657
Q06117,R665247
Q06123,R291693
Q06126,R817649
Q06138,R870158
Q06147,R017928
Q06148,R246009
Q06150,R580417
Q06157,R246309
Q06161,R809594
Q06162,R189252
Q06165,R904913
Q06167,R913375
Q06168,R307613
Q06185,R614341
Q06186,R432614
Q06192,R519693
Q06193,R827530
Q06212,R908733
Q06214,R032575
Q06218,R625291
Q06220,R058665
Q06224,R964996
Q06231,R040305
Q06237,R489215
Q06240,R045080
Q06242,R953765
Q06243,R995155
Q06245,R412892
Q06246,R035974
Q06250,R705158
Q06253,R033241
Q06256,R930370
Q06257,R033376
Q06258,R211809
Q06264,R179371
Q06265,R136040
Q06272,R595909
Q06273,R400515
Q06277,R926994
Q06280,R337889
Q06282,R180005
Q06285,R901157
Q06292,R454843
Q06303,R059166
Q06310,R372508
Q06311,R663262
Q06313,R042210
Q06314,R456040
Q06318,R962789
Q06324,R537472
Q06328,R053821
Q06329,R347865
Q06337,R064174
Q06349,R101369
Q06354,R977796
Q06365,R110130
Q06373,R735197
Q06378,R441992
Q06384,R470056
Q06394,R645895
Q06398,R883175
Q06400,R078017
Q06404,R134016
Q06405,R466734
Q06408,R775422
Q06410,R228764
Q06413,R775992
Q06428,R968202
Q06429,R784357
Q06437,R484658
Q06441,R535632
Q06443,R851684
Q06444,R241399
Q06450,R609935
Q06467,R109068
Q06470,R518872
Q06473,R459254
Q06475,R687285
Q06488,R634149
Q06489,R088901
Q06500,R518726
Q06501,R070458
Q06505,R425356
Q06506,R686516
Q06508,R209723
Q06515,R999448
Q06527,R425352
Q06529,R986311
Q06536,R363103
Q06539,R511478
Q06542,R843080
Q06546,R741789
Q06547,R089947
Q06552,R276222
Q06554,R738737
Q06566,R970313
Q06571,R667470
Q06574,R952951
Q06583,R599760
Q06585,R199830
Q06593,R973206
Q06596,R701886
Q06600,R452286
Q06602,R059720
Q06608,R322385
Q06623,R249086
Q06629,R485866
Q06635,R737201
Q06640,R105196
Q06641,R857104
Q06642,R994358
Q06643,R094142
Q06647,R428413
Q06650,R393392
Q06651,R937006
Q06652,R276231
Q06656,R362029
Q06658,R871556
Q06671,R607378
Q06672,R082000
Q06679,R455558
Q06686,R038409
Q06690,R784792
Q06694,R347998
Q06695,R321738
Q06710,R308274
Q06713,R845838
Q06716,R561412
Q06717,R349374
Q06718,R707144
Q06719,R306719
Q06730,R757974
Q06739,R221315
Q06740,R810196
Q06746,R486123
Q06764,R107943
Q06766,R151603
Q06767,R920223
Q06772,R719677
Q06783,R698466
Q06786,R006606
Q06797,R520802
Q06800,R874170
Q06807,R382733
Q06809,R502164
Q06814,R698760
Q06818,R874458
Q06821,R665180
Q06828,R554432
Q06835,R003935
Q06839,R353618
Q06841,R538809
Q06843,R537394
Q06844,R588243
Q06845,R392157
Q06848,R342470
Q06855,R638365
Q06865,R084090
Q06868,R635976
Q06870,R851736
Q06871,R097143
Q06884,R879212
Q06890,R025200
Q06891,R202110
Q06894,R291100
Q06896,R994594
Q06899,R464276
Q06901,R176100
Q06905,R250406
Q06906,R641521
Q06910,R559365
Q06911,R574791
Q06919,R700731
Q06922,R333469
Q06924,R622407
Q06927,R420502
Q06947,R663317
Q06950,R373558
Q06953,R451982
Q06956,R692321
Q06957,R968512
Q06958,R361306
Q06961,R986985
Q06963,R065813
Q06965,R976813
Q06970,R327421
Q06971,R744041
Q06975,R325555
Q06978,R954275
Q06982,R641144
Q06983,R930516
Q06997,R030777
Q07002,R740730
Q07005,R685940
Q07012,R126892
Q07021,R346297
Q07040,R367938
Q07041,R402650
Q07043,R231540
Q07053,R834294
Q07059,R014159
Q07062,R719001
Q07063,R815835
Q07065,R820296
Q07066,R784201
Q07077,R712039
Q07078,R047215
Q07079,R395862
Q07082,R401634
Q07084,R882720
Q07088,R658606
Q07096,R341598
Q07100,R603418
Q07107,R483130
Q07109,R125054
Q07110,R716839
Q07113,R785707
Q07121,R386286
Q07130,R048124
Q07149,R864920
Q07151,R233788
Q07152,R205798
Q07161,R322175
Q07164,R554792
Q07168,R524405
Q07178,R792071
Q07180,R021055
Q07181,R647347
Q07186,R241832
Q07188,R297024
Q07189,R963248
Q07193,R427030
Q07200,R723361
Q07221,R790934
Q07222,R257939
Q07224,R571253
Q07241,R679154
Q07244,R821428
Q07245,R379000
Q07246,R452876
Q07251,R565243
Q07253,R892248
Q07255,R253486
Q07261,R208014
Q07266,R654701
Q07268,R480933
Q07272,R831396
Q07276,R145273
Q07278,R350912
Q07281,R933493
Q07282,R269874
Q07283,R798148
Q07287,R625680
Q07288,R863811
Q07290,R330206
Q07293,R761740
Q07296,R650255
Q07298,R302706
Q07299,R442442
Q07301,R762951
Q07304,R127144
Q07305,R057467
Q07309,R074322
Q07317,R828402
Q07319,R357503
Q07327,R166608
Q07330,R647245
Q07333,R680971
Q07341,R450633
Q07343,R780059
Q07348,R979977
Q07351,R842041
Q07353,R262633
Q07354,R136047
Q07359,R964594
Q07363,R285819
Q07377,R034580
Q07380,R028712
Q07382,R715572
Q07389,R514579
Q07391,R538975
Q07393,R890341
Q07397,R260681
Q07408,R641554
Q07412,R600924
Q07416,R108046
Q07419,R272954
Q07420,R175128
Q07422,R195204
Q07423,R035985
Q07425,R412974
Q07432,R228713
Q07437,R036215
Q07439,R492945
Q07440,R299282
Q07446,R290212
Q07454,R700600
Q07456,R447150
Q07467,R107358
Q07468,R978394
Q07471,R155971
Q07479,R953572
Q07482,R002155
Q07483,R169016
Q07487,R864540
Q07489,R954698
Q07492,R691369
Q07498,R646426
Q07499,R626697
Q07502,R584864
Q07505,R867400
Q07506,R420550
Q07508,R495260
Q07518,R309287
Q07520,R261160
Q07523,R182084
Q07527,R517991
Q07531,R137091
Q07532,R369827
Q07536,R264332
Q07541,R619535
Q07548,R201473
Q07558,R785352
Q07562,R309386
Q07569,R552453
Q07580,R286923
Q07593,R820126
Q07602,R785478
Q07610,R389547
Q07611,R575107
Q07615,R289686
Q07618,R793025
Q07628,R506422
Q07629,R332730
Q07631,R199384
Q07641,R429132
Q07645,R529026
Q07647,R896073
Q07654,R135969
Q07656,R515585
Q07657,R283953
Q07671,R628022
Q07675,R416986
Q07682,R898627
Q07683,R115920
Q07687,R163896
Q07693,R109823
Q07709,R202488
Q07717,R651464
Q07725,R872272
Q07729,R724730
Q07731,R683854
Q07734,R605942
Q07740,R220830
Q07745,R673396
Q07748,R370172
Q07752,R552988
Q07754,R286343
Q07758,R854336
Q07760,R577367
Q07761,R817887
Q07762,R247474
Q07765,R197918
Q07769,R537780
Q07770,R931218
Q07774,R994922
Q07776,R147173
Q07778,R155861
Q07781,R632130
Q07782,R609285
Q07786,R842529
Q07791,R031316
Q07808,R214955
Q07810,R102443
Q07815,R199711
Q07837,R457365
Q07842,R008693
Q07850,R198570
Q07857,R979420
Q07863,R130789
Q07869,R795633
Q07871,R201594
Q07872,R703889
Q07874,R660927
Q07875,R128721
Q07879,R760414
Q07883,R050136
Q07884,R673125
Q07895,R187952
Q07899,R488712
Q07901,R759570
Q07903,R921874
Q07910,R165058
Q07912,R802507
Q07914,R994038
Q07918,R679530
Q07925,R061138
Q07934,R388315
Q07937,R744116
Q07943,R729322
Q07946,R004332
Q07948,R758784
Q07949,R532450
Q07952,R209816
Q07954,R362610
Q07959,R797297
Q07960,R061124
Q07967,R189464
Q07968,R507538
Q07981,R878189
Q07983,R450100
Q07987,R902285
Q08003,R349614
Q08005,R921363
Q08011,R629091
Q08012,R825476
Q08014,R797810
Q08015,R105901
Q08017,R197297
Q08019,R652904
Q08021,R987596
Q08023,R736751
Q08031,R204917
Q08032,R442806
Q08056,R255270
Q08062,R926220
Q08077,R627414
Q08103,R964516
Q08104,R673630
Q08109,R596201
Q08111,R021605
Q08112,R697898
Q08118,R579021
Q08121,R502464
Q08122,R264646
Q08124,R192210
Q08126,R777419
Q08132,R436579
Q08140,R678457
Q08142,R195610
Q08146,R350863
Q08152,R384418
Q08154,R075118
Q08158,R457368
Q08161,R634364
Q08167,R211735
Q08171,R673645
Q08177,R181386
Q08196,R044326
Q08200,R628866
Q08205,R464636
Q08208,R956304
Q08209,R721593
Q08210,R546591
Q08212,R694599
Q08214,R329607
Q08215,R815764
Q08222,R947563
Q08223,R212320
Q08224,R869580
Q08229,R096839
Q08238,R390855
Q08241,R383489
Q08242,R723553
Q08245,R953598
Q08251,R189123
Q08252,R099116
Q08253,R849540
Q08257,R040002
Q08258,R640527
Q08259,R129189
Q08261,R922260
Q08270,R114398
Q08275,R640616
Q08288,R963157
Q08295,R051559
Q08296,R656515
Q08297,R975050
Q08299,R028782
Q08307,R124610
Q08308,R925040
Q08309,R172952
Q08311,R283625
Q08312,R576052
Q08318,R415538
Q08320,R341503
Q08323,R834109
Q08332,R384265
Q08333,R045173
Q08348,R356328
Q08350,R314664
Q08361,R362167
Q08363,R063809
Q08365,R734980
Q08367,R337168
Q08368,R599516
Q08376,R815562
Q08378,R514348
Q08380,R836927
Q08381,R376697
Q08384,R390532
Q08385,R674806
Q08400,R298012
Q08402,R227841
Q08406,R382802
Q08412,R434119
Q08423,R920940
Q08432,R262067
Q08447,R143598
Q08449,R262395
Q08451,R542723
Q08452,R123918
Q08454,R413358
Q08455,R449211
Q08461,R101519
Q08463,R003487
Q08464,R551223
Q08465,R161975
Q08467,R210808
Q08469,R336235
Q08471,R547017
Q08472,R603337
Q08477,R790386
Q08484,R214628
Q08488,R030393
Q08492,R716760
Q08493,R619753
Q08494,R535013
Q08495,R139877
Q08496,R014788
Q08507,R917967
Q08508,R977080
Q08530,R547594
Q08534,R442977
Q08542,R731487
Q08550,R875962
Q08551,R708826
Q08552,R336585
Q08559,R020188
Q08565,R139400
Q08571,R002133
Q08574,R113701
Q08578,R985129
Q08581,R146975
Q08583,R815341
Q08585,R976863
Q08588,R821096
Q08590,R472557
Q08595,R935763
Q08600,R466575
Q08634,R881276
Q08643,R229342
Q08650,R024779
Q08657,R042554
Q08664,R221957
Q08666,R198360
Q08672,R435161
Q08675,R038214
Q08676,R419723
Q08678,R787248
Q08683,R878149
Q08687,R444298
Q08688,R804641
Q08695,R105628
Q08707,R655244
Q08718,R459491
Q08719,R360945
Q08725,R726697
Q08732,R074442
Q08733,R884816
Q08740,R010466
Q08742,R413542
Q08744,R468883
Q08750,R636124
Q08752,R373934
Q08756,R615786
Q08762,R629709
Q08766,R225021
Q08768,R866536
Q08771,R938203
Q08776,R193495
Q08780,R855618
Q08784,R298708
Q08789,R562961
Q08809,R335684
Q08817,R232620
Q08830,R310349
Q08831,R775664
Q08839,R119179
Q08841,R763202
Q08842,R364120
Q08853,R020064
Q08865,R351363
Q08869,R236202
Q08876,R570360
Q08879,R210745
Q08883,R576966
Q08891,R158813
Q08894,R606375
Q08903,R198076
Q08905,R578041
Q08906,R424290
Q08912,R661732
Q08918,R420715
Q08919,R832545
Q08924,R781960
Q08929,R449160
Q08946,R916582
Q08950,R049233
Q08959,R019400
Q08960,R420096
Q08965,R093702
Q08969,R822377
Q08971,R834014
Q08972,R628146
Q08980,R193383
Q08988,R827642
Q08990,R149494
Q08992,R628735
Q08993,R821521
Q09002,R884084
Q09003,R214351
Q09005,R004907
Q09008,R080531
Q09035,R783953
Q09037,R002688
Q09045,R165889
Q09054,R424572
Q09055,R302302
Q09066,R287395
Q09070,R385802
Q09071,R330906
Q09074,R386028
Q09086,R289233
Q09087,R396659
Q09092,R546641
Q09097,R374231
Q09108,R494707
Q09111,R532872
Q09117,R368955
Q09130,R916484
Q09131,R288455
Q09133,R700920
Q09134,R929018
Q09136,R010534
Q09142,R391155
Q09148,R530438
Q09150,R198723
Q09163,R303947
Q09166,R260800
Q09173,R746217
Q09176,R574068
Q09205,R205273
Q09224,R734489
Q09230,R361724
Q09232,R215963
Q09236,R580563
Q09238,R376631
Q09240,R719353
Q09247,R163450
Q09250,R827561
Q09252,R764344
Q09253,R070792
Q09254,R723847
Q09258,R384682
Q09259,R257897
Q09262,R199552
Q09273,R500994
Q09279,R228820
Q09282,R106386
Q09284,R616614
Q09288,R752090
Q09296,R458376
Q09302,R662713
Q09305,R724002
Q09331,R274316
Q09344,R472198
Q09346,R599033
Q09359,R766626
Q09369,R301763
Q09371,R683085
Q09374,R779577
Q09375,R502195
Q09383,R927377
Q09386,R605023
Q09387,R291149
Q09388,R813043
Q09394,R837659
Q09396,R652959
Q09405,R611415
Q09409,R661056
Q09412,R483567
Q09427,R970195
Q09438,R472424
Q09447,R740733
Q09457,R980601
Q09464,R856385
Q09470,R425718
Q09474,R971163
Q09475,R341429
Q09478,R753010
Q09481,R823355
Q09484,R138355
Q09492,R662678
Q09500,R287200
Q09508,R102239
Q09513,R134747
Q09515,R371303
Q09520,R296416
Q09524,R473861
Q09525,R543039
Q09528,R254649
Q09533,R776489
Q09536,R006387
Q09541,R847998
Q09544,R348199
Q09549,R412248
Q09550,R113426
Q09551,R779410
Q09563,R809744
Q09574,R605451
Q09577,R334051
Q09578,R833431
Q09581,R803287
Q09586,R613123
Q09587,R843109
Q09590,R265595
Q09591,R312760
Q09593,R128868
Q09595,R751850
Q09609,R307361
Q09610,R429042
Q09613,R731616
Q09614,R663343
Q09622,R063054
Q09625,R868701
Q09635,R209196
Q09637,R551397
Q09638,R421684
Q09642,R413986
Q09645,R976655
Q09663,R036558
Q09665,R026619
Q09672,R698227
Q09673,R386381
Q09674,R561693
Q09675,R449924
Q09681,R565433
Q09700,R769520
Q09713,R639354
Q09718,R828861
Q09719,R237973
Q09721,R828420
Q09727,R258649
Q09733,R937523
Q09740,R103163
Q09743,R337439
Q09745,R803888
Q09751,R660895
Q09754,R330139
Q09757,R548284
Q09763,R184355
Q09765,R990927
Q09786,R138932
Q09788,R045081
Q09790,R876729
Q09794,R383037
Q09801,R400924
Q09805,R105463
Q09809,R857643
Q09818,R638066
Q09822,R096905
Q09823,R863713
Q09824,R895299
Q09829,R416108
Q09832,R411969
Q09841,R582112
Q09842,R401840
Q09847,R013314
Q09863,R792553
Q09870,R914496
Q09877,R289709
Q09881,R333841
Q09886,R101968
Q09889,R891163
Q09891,R055095
Q09897,R465563
Q09898,R717780
Q09900,R772712
Q09901,R626992
Q09928,R579625
Q09929,R374224
Q09933,R525898
Q09935,R541587
Q09937,R990390
Q09938,R291068
Q09945,R977170
Q09956,R472083
Q09959,R846234
Q09963,R240558
Q09964,R328965
Q09967,R704914
Q09972,R726263
Q09975,R516330
Q09983,R103861
Q09985,R049403
Q09988,R105385
Q09989,R664333
Q09996,R643563
Q09999,R755820
Q10013,R257937
Q10030,R318627
Q10044,R649360
Q10046,R692505
Q10050,R673431
Q10061,R838883
Q10062,R804002
Q10066,R471440
Q10068,R386712
Q10069,R049106
Q10078,R330295
Q10082,R869733
Q10087,R594300
Q10091,R712844
Q10106,R112563
Q10110,R701488
Q10111,R619880
Q10116,R584551
Q10123,R909612
Q10145,R933782
Q10147,R068014
Q10149,R315761
Q10157,R137110
Q10159,R312241
Q10163,R336679
Q10165,R412329
Q10169,R247126
Q10175,R141039
Q10179,R808924
Q10180,R219493
Q10186,R233434
Q10191,R496189
Q10194,R750793
Q10195,R688141
Q10197,R998141
Q10210,R119556
Q10212,R214025
Q10214,R209221
Q10215,R097349
Q10219,R218685
Q10224,R606048
Q10237,R991036
Q10261,R170309
Q10262,R355045
Q10264,R762169
Q10267,R904668
Q10269,R947140
Q10277,R711798
Q10278,R081419
Q10280,R043608
Q10297,R266137
Q10301,R773246
Q10308,R325888
Q10309,R627493
Q10310,R794861
Q10318,R548822
Q10323,R264809
Q10326,R139049
Q10327,R389441
Q10329,R151640
Q10330,R313019
Q10340,R485599
Q10341,R565806
Q10342,R701943
Q10343,R389220
Q10360,R707217
Q10367,R610297
Q10371,R648078
Q10378,R088936
Q10385,R976999
Q10389,R732982
Q10390,R859206
Q10392,R318616
Q10408,R917192
Q10423,R136957
Q10425,R656995
Q10426,R008636
Q10428,R158658
Q10433,R576211
Q10434,R823040
Q10436,R467902
Q10440,R831370
Q10441,R065037
Q10442,R998042
Q10449,R563446
Q10454,R360983
Q10459,R879356
Q10464,R000785
Q10467,R775463
Q10474,R127075
Q10480,R736479
Q10482,R972016
Q10489,R141157
Q10492,R387986
Q10499,R328477
Q10502,R789002
Q10504,R695506
Q10505,R446956
Q10508,R544772
Q10509,R331621
Q10518,R285889
Q10522,R841037
Q10531,R887865
Q10532,R546801
Q10534,R536839
Q10540,R232576
Q10541,R281991
Q10542,R135510
Q10544,R908954
Q10547,R142955
Q10555,R180196
Q10564,R383513
Q10572,R868014
Q10574,R954998
Q10575,R579843
Q10579,R409294
Q10583,R159422
Q10590,R453197
Q10594,R405882
Q10597,R824687
Q10599,R250161
Q10610,R013069
Q10612,R594193
Q10619,R701188
Q10622,R374380
Q10631,R855533
Q10647,R812430
Q10656,R284410
Q10664,R346859
Q10665,R180633
Q10675,R546623
Q10679,R052375
Q10684,R777490
Q10690,R164328
Q10697,R944441
Q10698,R142877
Q10706,R312834
Q10708,R229180
Q10711,R761420
Q10718,R453134
Q10719,R631328
Q10729,R237429
Q10731,R553412
Q10736,R276833
Q10739,R172437
Q10745,R779744
Q10759,R501810
Q10765,R112210
Q10766,R524213
Q10774,R827458
Q10780,R604248
Q10788,R033210
Q10790,R033754
Q10798,R680862
Q10804,R441059
Q10806,R104207
Q10817,R353376
Q10820,R315549
Q10827,R507883
Q10829,R400953
Q10842,R372905
Q10844,R529977
Q10848,R598744
Q10858,R018750
Q10859,R698139
Q10861,R554743
Q10867,R303898
Q10871,R379493
Q10874,R995026
Q10875,R977819
Q10876,R524924
Q10878,R981214
Q10884,R195182
Q10890,R910287
Q10893,R751771
Q10894,R885488
Q10896,R407314
Q10897,R994745
Q10898,R405279
Q10910,R647006
Q10911,R017072
Q10913,R348196
Q10915,R034159
Q10927,R514857
Q10931,R607414
Q10939,R143411
Q10941,R785918
Q10942,R920685
Q10945,R208797
Q10950,R202382
Q10955,R282219
Q10959,R569217
Q10964,R214363
Q10971,R235768
Q10980,R250618
Q10987,R918871
Q10994,R664866
Q10998,R006346
Q11002,R611073
Q11003,R363384
Q11005,R042043
Q11006,R780608
Q11009,R298838
Q11018,R401139
Q11026,R797300
Q11040,R694541
Q11049,R700957
Q11051,R270679
Q11053,R514217
Q11054,R908711
Q11060,R085129
Q11062,R884888
Q11070,R901844
Q11073,R491552
Q11080,R586172
Q11083,R664642
Q11090,R017009
Q11092,R754160
Q11095,R392184
Q11097,R092249
Q11100,R241973
Q11112,R924567
Q11116,R469740
Q11117,R043282
Q11119,R017793
Q11121,R751664
Q11123,R347445
Q11128,R499011
Q11135,R402619
Q11139,R421874
Q11140,R581971
Q11146,R927571
Q11154,R986867
Q11155,R514771
Q11162,R338113
Q11183,R962563
Q11188,R897003
Q11195,R962761
Q11201,R752666
Q11207,R508583
Q11209,R977040
Q11210,R224019
Q11227,R305497
Q11238,R534915
Q11250,R164077
Q11251,R277331
Q11256,R024433
Q11268,R565819
Q11269,R860253
Q11278,R967847
Q11279,R348146
Q11280,R060137
Q11283,R100867
Q11285,R541200
Q11286,R224038
Q11289,R907044
Q11293,R742600
Q11294,R167036
Q11300,R680870
Q11310,R569700
Q11311,R756213
Q11312,R879918
Q11315,R032478
Q11316,R455478
Q11321,R387875
Q11322,R477836
Q11324,R169019
Q11331,R834357
Q11341,R598670
Q11344,R654599
Q11347,R356289
Q11351,R382650
Q11354,R413133
Q11356,R354605
Q11358,R118737
Q11359,R896481
Q11365,R857340
Q11367,R053140
Q11369,R676565
Q11373,R413074
Q11375,R095472
Q11382,R932763
Q11385,R436862
Q11389,R910253
Q11394,R867409
Q11398,R570928
Q11402,R816535
Q11403,R403549
Q11405,R047996
Q11408,R341642
Q11410,R537339
Q11417,R964065
Q11420,R060114
Q11422,R791532
Q11423,R330951
Q11424,R424034
Q11427,R560258
Q11440,R199828
Q11441,R158032
Q11445,R214029
Q11451,R651273
Q11456,R192590
Q11458,R810859
Q11485,R734397
Q11492,R622910
Q11493,R483507
Q11504,R638630
Q11515,R001360
Q11520,R452232
Q11525,R378369
Q11530,R522220
Q11531,R744765
Q11532,R201232
Q11533,R322211
Q11538,R874467
Q11549,R685602
Q11551,R558534
Q11552,R304746
Q11559,R901123
Q11561,R482447
Q11567,R961792
Q11584,R894220
Q11587,R578397
Q11588,R760812
Q11591,R137117
Q11595,R373049
Q11601,R191241
Q11604,R930645
Q11607,R534832
Q11615,R223328
Q11616,R510919
Q11620,R080311
Q11621,R045384
Q11630,R714889
Q11635,R480212
Q11637,R328891
Q11648,R516458
Q11651,R311836
Q11656,R102766
Q11666,R556549
Q11669,R262089
Q11670,R777767
Q11673,R425686
Q11675,R497416
Q11676,R058286
Q11678,R337613
Q11680,R899655
Q11682,R637079
Q11689,R270935
Q11695,R941276
Q11696,R863688
Q11705,R181476
Q11706,R185096
Q11715,R129336
Q11724,R565355
Q11728,R211820
Q11729,R928573
Q11730,R040372
Q11733,R311287
Q11738,R227521
Q11761,R509259
Q11766,R750420
Q11768,R100624
Q11770,R774551
Q11775,R113266
Q11784,R014474
Q11791,R301080
Q11793,R485041
Q11801,R435730
Q11805,R667754
Q11807,R480428
Q11808,R568527
Q11814,R788127
Q11831,R766576
Q11835,R450178
Q11848,R730719
Q11860,R430118
Q11862,R317881
Q11863,R868281
Q11865,R064890
Q11875,R665005
Q11876,R212343
Q11877,R032662
Q11881,R457797
Q11885,R271241
Q11898,R124510
Q11909,R708683
Q11911,R764938
Q11913,R137656
Q11914,R389280
Q11926,R889879
Q11935,R090217
Q11941,R021358
Q11944,R790744
Q11956,R365941
Q11957,R139177
Q11958,R165823
Q11961,R212039
Q11964,R789191
Q11988,R490392
Q11991,R514167
Q12009,R424174
Q12011,R779289
Q12016,R259000
Q12020,R395986
Q12033,R007222
Q12037,R856071
Q12039,R239172
Q12042,R734601
Q12044,R591351
Q12051,R586793
Q12053,R010596
Q12055,R725462
Q12058,R045797
Q12061,R119087
Q12065,R165757
Q12066,R800874
Q12077,R061588
Q12079,R033081
Q12082,R266865
Q12085,R882209
Q12088,R209851
Q12103,R802812
Q12105,R377894
Q12111,R199002
Q12113,R833418
Q12114,R742306
Q12116,R760844
Q12130,R607040
Q12134,R478219
Q12137,R786584
Q12139,R246672
Q12140,R838277
Q12142,R334124
Q12146,R337789
Q12151,R619055
Q12156,R998188
Q12186,R736880
Q12190,R713322
Q12193,R541800
Q12198,R234164
Q12200,R321464
Q12202,R656153
Q12211,R135452
Q12213,R202860
Q12218,R046729
Q12229,R469973
Q12234,R859336
Q12237,R956708
Q12238,R594880
Q12242,R977337
Q12244,R186725
Q12247,R371601
Q12254,R599465
Q12256,R657462
Q12268,R293376
Q12271,R598339
Q12276,R162826
Q12280,R774592
Q12294,R986129
Q12310,R682860
Q12311,R947478
Q12318,R148478
Q12319,R164457
Q12321,R990900
Q12331,R143731
Q12342,R379450
Q12344,R834662
Q12354,R231966
Q12356,R125089
Q12358,R894382
Q12363,R694155
Q12370,R792808
Q12371,R112033
Q12372,R563177
Q12374,R523223
Q12377,R920703
Q12378,R494946
Q12381,R207300
Q12383,R782715
Q12386,R293164
Q12388,R385766
Q12389,R760901
Q12396,R625595
Q12405,R000172
Q12408,R376695
Q12409,R583159
Q12418,R360870
Q12422,R919336
Q12428,R355016
Q12432,R252992
Q12433,R391343
Q12436,R526769
Q12444,R404216
Q12447,R103285
Q12452,R664308
Q12454,R923233
Q12456,R869685
Q12458,R029605
Q12468,R345526
Q12473,R191080
Q12477,R645557
Q12481,R052374
Q12486,R205081
Q12488,R618188
Q12495,R137282
Q12509,R029532
Q12513,R600798
Q12515,R118625
Q12522,R608938
Q12529,R540470
Q12531,R327546
Q12536,R859926
Q12542,R957422
Q12549,R263238
Q12554,R714984
Q12555,R680004
Q12572,R136436
Q12577,R245084
Q12578,R819004
Q12581,R381759
Q12583,R538111
Q12585,R693654
Q12587,R211603
Q12591,R181535
Q12613,R895790
Q12617,R098357
Q12618,R726569
Q12619,R884685
Q12624,R583030
Q12626,R230442
Q12627,R449953
Q12642,R907500
Q12643,R122043
Q12647,R753064
Q12648,R506965
Q12649,R908246
Q12652,R738360
Q12655,R232978
Q12658,R400999
Q12661,R395167
Q12664,R488304
Q12667,R014770
Q12669,R178504
Q12670,R232280
Q12683,R762411
Q12700,R806576
Q12703,R841773
Q12704,R055405
Q12710,R949600
Q12718,R354665
Q12719,R514958
Q12722,R236348
Q12731,R245435
Q12737,R828715
Q12742,R403105
Q12746,R094659
Q12751,R116027
Q12757,R657698
Q12780,R113163
Q12790,R798017
Q12791,R674913
Q12794,R920516
Q12797,R630109
Q12804,R386097
Q12805,R608054
Q12809,R267154
Q12810,R202938
Q12812,R912938
Q12827,R685517
Q12830,R570918
Q12834,R341673
Q12835,R870697
Q12836,R712208
Q12868,R496440
Q12869,R979031
Q12873,R834006
Q12874,R190514
Q12875,R569287
Q12879,R084585
Q12880,R126631
Q12882,R558508
Q12900,R107332
Q12903,R996486
Q12905,R011715
Q12922,R958772
Q12929,R756588
Q12932,R532492
Q12938,R706017
Q12951,R241643
Q12955,R455324
Q12962,R072870
Q12967,R882851
Q12973,R609398
Q12975,R425970
Q12979,R611827
Q12983,R330843
Q12987,R806275
Q12994,R047833
Q12995,R115826
Q13001,R947514
Q13006,R930502
Q13009,R332964
Q13026,R474460
Q13027,R314654
Q13032,R172591
Q13037,R777049
Q13045,R607987
Q13048,R895162
Q13051,R064498
Q13062,R808966
Q13065,R423274
Q13066,R875130
Q13067,R461506
Q13069,R996459
Q13078,R591972
Q13080,R781179
Q13084,R608106
Q13099,R220542
Q13111,R450516
Q13112,R716151
Q13114,R520694
Q13116,R063800
Q13129,R757737
Q13137,R620286
Q13141,R834236
Q13142,R626254
Q13144,R424736
Q13146,R531449
Q13152,R989218
Q13154,R621987
Q13159,R482855
Q13166,R332915
Q13172,R439830
Q13185,R507453
Q13189,R512570
Q13193,R821248
Q13199,R635143
Q13201,R743491
Q13203,R540920
Q13208,R666071
Q13209,R006975
Q13215,R259508
Q13218,R055900
Q13219,R328095
Q13221,R433190
Q13229,R147912
Q13234,R240545
Q13238,R029222
Q13239,R488317
Q13242,R335218
Q13245,R554626
Q13247,R165778
Q13251,R348269
Q13258,R483481
Q13261,R852111
Q13264,R032433
Q13268,R519098
Q13272,R278573
Q13275,R901337
Q13277,R092259
Q13278,R735186
Q13279,R674381
Q13281,R978571
Q13282,R733862
Q13284,R836078
Q13292,R767535
Q13294,R583979
Q13304,R787841
Q13305,R737778
Q13311,R141970
Q13313,R578853
Q13316,R037774
Q13324,R917280
Q13337,R464275
Q13340,R645069
Q13342,R117722
Q13345,R593013
Q13348,R047974
Q13354,R085233
Q13357,R376993
Q13359,R551327
Q13362,R470551
Q13381,R877409
Q13382,R031320
Q13383,R680538
Q13385,R035218
Q13387,R885556
Q13392,R005324
Q13393,R255988
Q13401,R115008
Q13404,R851004
Q13423,R491000
Q13438,R232734
Q13452,R331025
Q13456,R644591
Q13466,R481285
Q13477,R216663
Q13490,R481761
Q13495,R593785
Q13500,R248384
Q13501,R551372
Q13503,R655219
Q13505,R626175
Q13508,R169764
Q13526,R881445
Q13529,R689956
Q13531,R658120
Q13532,R035753
Q13537,R616539
Q13547,R457150
Q13554,R474295
Q13568,R364969
Q13569,R732194
Q13572,R642370
Q13574,R545675
Q13577,R269691
Q13582,R918769
Q13594,R757006
Q13595,R453564
Q13596,R715152
Q13598,R671313
Q13604,R933264
Q13609,R061037
Q13618,R220315
Q13620,R418236
Q13623,R228249
Q13636,R493437
Q13640,R828080
Q13654,R491691
Q13661,R966781
Q13664,R629228
Q13676,R692351
Q13678,R680930
Q13679,R960565
Q13684,R287550
Q13689,R193417
Q13692,R805908
Q13696,R837768
Q13697,R513416
Q13701,R453752
Q13713,R155538
Q13718,R654310
Q13734,R469154
Q13735,R913845
Q13738,R491100
Q13739,R781752
Q13742,R682377
Q13754,R222316
Q13759,R016435
Q13766,R299140
Q13770,R317023
Q13778,R200068
Q13779,R914369
Q13781,R678919
Q13784,R450548
Q13788,R923576
Q13789,R757149
Q13801,R551276
Q13804,R543312
Q13810,R983283
Q13820,R841331
Q13821,R644124
Q13822,R943818
Q13824,R579495
Q13825,R763220
Q13837,R078520
Q13847,R659702
Q13848,R694177
Q13855,R231274
Q13856,R860530
Q13859,R971483
Q13869,R782113
Q13876,R048801
Q13878,R766393
Q13882,R702179
Q13883,R558279
Q13891,R623563
Q13901,R267563
Q13903,R442010
Q13910,R777780
Q13916,R245863
Q13926,R646784
Q13940,R731423
Q13942,R236230
Q13943,R916056
Q13946,R353815
Q13958,R355643
Q13962,R544321
Q13965,R679027
Q13969,R050363
Q13982,R877820
Q13993,R315716
Q13998,R917828
Q13999,R823672
Q14000,R670869
Q14005,R757964
Q14007,R240431
Q14013,R858207
Q14015,R088304
Q14024,R153293
Q14027,R635757
Q14036,R040288
Q14037,R110775
Q14051,R168306
Q14058,R462979
Q14077,R074250
Q14078,R013518
Q14104,R946177
Q14107,R403595
Q14109,R039612
Q14114,R652080
Q14116,R664066
Q14117,R518951
Q14118,R872925
Q14125,R490615
Q14126,R644649
Q14140,R975244
Q14149,R444607
Q14154,R202576
Q14157,R660429
Q14161,R365270
Q14163,R714476
Q14166,R141318
Q14177,R995357
Q14184,R198748
Q14185,R700475
Q14187,R469759
Q14196,R667702
Q14198,R739365
Q14201,R871415
Q14202,R504471
Q14208,R170771
Q14213,R956831
Q14217,R997111
Q14230,R312289
Q14231,R385977
Q14235,R808351
Q14237,R937072
Q14241,R750131
Q14246,R167685
Q14255,R706754
Q14266,R900633
Q14270,R556364
Q14277,R191414
Q14287,R343984
Q14291,R416567
Q14292,R640055
Q14295,R439428
Q14296,R815827
Q14298,R439144
Q14308,R483289
Q14314,R605490
Q14335,R908143
Q14336,R613136
Q14349,R414049
Q14352,R031262
Q14366,R321960
Q14368,R701012
Q14369,R734925
Q14370,R783058
Q14376,R099615
Q14381,R848134
Q14386,R173106
Q14387,R483883
Q14396,R612084
Q14397,R734803
Q14409,R014524
Q14410,R335522
Q14414,R239187
Q14415,R072570
Q14425,R819373
Q14427,R428074
Q14430,R624545
Q14434,R178847
Q14436,R709127
Q14446,R491938
Q14450,R575308
Q14458,R997460
Q14463,R967328
Q14468,R030362
Q14470,R117885
Q14474,R817113
Q14483,R032077
Q14488,R036060
Q14494,R417458
Q14502,R076983
Q14504,R672270
Q14531,R953865
Q14539,R388906
Q14540,R280018
Q14549,R667349
Q14560,R575828
Q14566,R818887
Q14567,R674468
Q14568,R296757
Q14569,R028361
Q14572,R881892
Q14573,R670206
Q14576,R050729
Q14591,R614223
Q14592,R247246
Q14593,R096021
Q14595,R353153
Q14605,R419941
Q14606,R918925
Q14611,R132171
Q14616,R314842
Q14627,R614319
Q14633,R613208
Q14634,R421061
Q14638,R447430
Q14639,R607318
Q14640,R163087
Q14646,R204605
Q14649,R819006
Q14654,R067444
Q14657,R259294
Q14661,R641817
Q14665,R412010
Q14669,R456632
Q14670,R247145
Q14676,R508395
Q14680,R648245
Q14682,R376232
Q14683,R146613
Q14684,R065486
Q14685,R407876
Q14701,R768043
Q14703,R596985
Q14706,R457175
Q14714,R114205
Q14717,R108859
Q14718,R216125
Q14719,R155552
Q14722,R049642
Q14724,R980404
Q14726,R027354
Q14732,R014287
Q14745,R079249
Q14751,R312543
Q14757,R889263
Q14761,R827919
Q14762,R876287
Q14770,R809352
Q14776,R716374
Q14782,R478822
Q14783,R246653
Q14787,R436663
Q14791,R691451
Q14797,R450518
Q14798,R308733
Q14801,R293881
Q14807,R496779
Q14808,R206316
Q14809,R038107
Q14814,R155139
Q14815,R400056
Q14820,R785214
Q14821,R799103
Q14835,R854486
Q14840,R252056
Q14857,R686720
Q14858,R960843
Q14861,R164757
Q14863,R910858
Q14867,R480874
Q14871,R672959
Q14872,R822143
Q14873,R471448
Q14883,R346372
Q14884,R619202
Q14885,R490797
Q14888,R698082
Q14907,R281933
Q14909,R237178
Q14919,R280653
Q14921,R024625
Q14930,R597884
Q14936,R077803
Q14939,R329040
Q14944,R330137
Q14946,R623796
Q14958,R112237
Q14962,R604277
Q14963,R872156
Q14966,R810343
Q14969,R339723
Q14971,R590766
Q14977,R094137
Q14982,R961135
Q14988,R336382
Q14990,R349097
Q14992,R651034
Q14999,R668180
Q15000,R842850
Q15001,R366587
Q15002,R400950
Q15003,R510544
Q15015,R377882
Q15019,R042555
Q15021,R911875
Q15022,R424221
Q15023,R596005
Q15024,R406871
Q15026,R151929
Q15027,R730897
Q15036,R433313
Q15047,R585705
Q15048,R905765
Q15052,R612998
Q15057,R421852
Q15059,R268037
Q15077,R253138
Q15087,R443584
Q15096,R437506
Q15109,R924288
Q15121,R800487
Q15122,R561176
Q15130,R172083
Q15139,R670994
Q15156,R639684
Q15159,R965287
Q15161,R724675
Q15163,R456894
Q15177,R674807
Q15190,R317620
Q15195,R925225
Q15198,R730685
Q15199,R481922
Q15202,R763891
Q15210,R846568
Q15219,R948574
Q15220,R182599
Q15223,R654813
Q15227,R816035
Q15233,R680796
Q15237,R396306
Q15238,R692594
Q15241,R320370
Q15243,R542242
Q15249,R358419
Q15254,R579757
Q15257,R570039
Q15260,R494250
Q15266,R690955
Q15297,R972636
Q15299,R820443
Q15304,R000396
Q15320,R274899
Q15323,R977490
Q15325,R142714
Q15326,R636083
Q15343,R474611
Q15344,R506671
Q15345,R549471
Q15346,R097446
Q15353,R770042
Q15363,R829122
Q15375,R525302
Q15383,R312140
Q15386,R747587
Q15396,R586864
Q15397,R974692
Q15402,R456413
Q15403,R813066
Q15405,R720308
Q15406,R869212
Q15408,R084001
Q15416,R383378
Q15438,R249127
Q15456,R654505
Q15467,R118820
Q15486,R118294
Q15489,R148721
Q15494,R844448
Q15497,R943251
Q15498,R081392
Q15499,R579982
Q15512,R305402
Q15518,R670478
Q15527,R792254
Q15548,R851045
Q15549,R074095
Q15563,R448472
Q15567,R853078
Q15568,R846699
Q15577,R153265
Q15578,R516475
Q15580,R802490
Q15587,R610070
Q15592,R447092
Q15593,R757262
Q15599,R007037
Q15606,R294719
Q15607,R601729
Q15610,R431624
Q15623,R111107
Q15625,R267233
Q15627,R613205
Q15629,R226023
Q15639,R834339
Q15647,R016110
Q15652,R736099
Q15655,R952700
Q15656,R504584
Q15658,R604910
Q15661,R236525
Q15672,R149610
Q15683,R986381
Q15691,R550877
Q15692,R883339
Q15694,R378912
Q15697,R661777
Q15699,R826112
Q15705,R947455
Q15708,R692903
Q15714,R536982
Q15715,R459997
Q15717,R140575
Q15721,R998277
Q15723,R175056
Q15738,R704356
Q15744,R003736
Q15761,R034254
Q15764,R382908
Q15767,R731630
Q15768,R555325
Q15777,R647497
Q15780,R455330
Q15782,R730794
Q15784,R078239
Q15788,R656660
Q15790,R804417
Q15791,R497751
Q15796,R287853
Q15806,R708423
Q15807,R698588
Q15810,R466209
Q15812,R062875
Q15819,R378607
Q15820,R199579
Q15822,R728774
Q15831,R698810
Q15832,R263782
Q15838,R561135
Q15841,R839457
Q15842,R029478
Q15852,R939304
Q15863,R640306
Q15869,R252335
Q15876,R873916
Q15883,R779144
Q15886,R847587
Q15892,R519288
Q15903,R533682
Q15919,R467796
Q15929,R965930
Q15934,R411175
Q15935,R544925
Q15936,R169173
Q15942,R829285
Q15944,R415720
Q15945,R237649
Q15958,R835978
Q15960,R133390
Q15962,R168775
Q15964,R461043
Q15973,R890393
Q15982,R312373
Q15985,R223575
Q15987,R646582
Q15996,R236197
Q15997,R189520
Q16002,R156167
Q16003,R736664
Q16013,R494310
Q16014,R991120
Q16016,R926452
Q16017,R787221
Q16035,R243459
Q16043,R234066
Q16044,R519485
Q16049,R326740
Q16066,R530837
Q16067,R001075
Q16078,R127296
Q16093,R392782
Q16106,R212873
Q16113,R571805
Q16114,R008851
Q16117,R931609
Q16124,R848830
Q16126,R741195
Q16129,R681551
Q16136,R139358
Q16138,R042532
Q16139,R998699
Q16141,R807118
Q16143,R260924
Q16145,R169049
Q16160,R607876
Q16164,R273281
Q16168,R744241
Q16176,R848308
Q16180,R496426
Q16182,R282362
Q16183,R079350
Q16184,R706805
Q16194,R819374
Q16198,R772709
Q16199,R994432
Q16200,R994206
Q16207,R449418
Q16211,R130855
Q16221,R742360
Q16224,R447521
Q16227,R182899
Q16228,R414669
Q16239,R591450
Q16242,R459215
Q16246,R707601
Q16249,R684679
Q16251,R841225
Q16261,R223203
Q16271,R544047
Q16274,R512597
Q16283,R164898
Q16285,R111569
Q16294,R918157
Q16300,R892255
Q16311,R678698
Q16323,R507971
Q16338,R280794
Q16345,R859228
Q16348,R898660
Q16351,R730364
Q16354,R599991
Q16357,R098718
Q16358,R441050
Q16368,R610019
Q16372,R037288
Q16374,R150886
Q16378,R282913
Q16379,R649159
Q16402,R221814
Q16408,R938212
Q16415,R708584
Q16416,R782262
Q16421,R234693
Q16422,R997804
Q16424,R453351
Q16430,R234551
Q16432,R655175
Q16439,R983863
Q16440,R538205
Q16441,R861981
Q16445,R576175
Q16446,R566336
Q16454,R906826
Q16462,R878796
Q16465,R763219
Q16466,R122277
Q16470,R050266
Q16475,R796641
Q16477,R303738
Q16483,R058755
Q16493,R686768
Q16495,R915871
Q16502,R347523
Q16503,R399312
Q16507,R185281
Q16512,R810628
Q16513,R281342
Q16514,R106681
Q16515,R025375
Q16516,R051684
Q16523,R279858
Q16526,R230462
Q16528,R660805
Q16529,R092474
Q16536,R168880
Q16545,R524329
Q16550,R517284
Q16568,R102154
Q16572,R280672
Q16591,R933164
Q16593,R045044
Q16594,R584891
Q16605,R849707
Q16619,R829102
Q16623,R635879
Q16626,R201856
Q16630,R152505
Q16639,R662705
Q16640,R939633
Q16645,R586624
Q16646,R044393
Q16650,R896493
Q16652,R807209
Q16654,R013766
Q16655,R743314
Q16658,R431230
Q16661,R871801
Q16671,R579651
Q16675,R974222
Q16677,R854885
Q16679,R863177
Q16680,R002963
Q16681,R089580
Q16686,R804932
Q16691,R085941
Q16694,R936499
Q16695,R147957
Q16698,R975870
Q16700,R136585
Q16711,R186256
Q16712,R299707
Q16717,R076196
Q16718,R899259
Q16728,R615673
Q16731,R622781
Q16733,R949402
Q16735,R778557
Q16736,R107601
Q16741,R328120
Q16753,R892037
Q16761,R053025
Q16771,R479901
Q16777,R523427
Q16791,R268230
Q16795,R241326
Q16804,R990489
Q16813,R594114
Q16823,R699989
Q16826,R858608
Q16827,R637507
Q16828,R776712
Q16835,R681076
Q16836,R710732
Q16838,R238011
Q16839,R872464
Q16845,R172735
Q16846,R439961
Q16864,R148488
Q16887,R681482
Q16889,R631389
Q16894,R112602
Q16898,R768118
Q16899,R129843
Q16907,R037277
Q16914,R027496
Q16921,R091176
Q16940,R171114
Q16944,R333984
Q16948,R980661
Q16951,R208810
Q16956,R007938
Q16958,R058790
Q16961,R564480
Q16963,R570783
Q16972,R056460
Q16976,R649290
Q16977,R972568
Q16978,R356866
Q16980,R424540
Q16985,R883802
Q16994,R058998
Q16995,R962681
Q17000,R527499
Q17003,R332629
Q17005,R492472
Q17023,R998791
Q17027,R546228
Q17028,R425103
Q17030,R054250
Q17039,R797678
Q17045,R657330
Q17046,R074671
Q17062,R974966
Q17063,R376120
Q17065,R857364
Q17072,R977129
Q17074,R980696
Q17089,R462918
Q17092,R623400
Q17096,R007477
Q17105,R917305
Q17106,R930213
Q17115,R244631
Q17116,R398775
Q17119,R967673
Q17121,R261320
Q17124,R372621
Q17129,R875003
Q17131,R777942
Q17132,R583010
Q17142,R214918
Q17150,R611494
Q17152,R414531
Q17160,R533501
Q17168,R547314
Q17180,R824595
Q17188,R150001
Q17190,R902637
Q17197,R205536
Q17199,R287230
Q17200,R310952
Q17202,R015260
Q17203,R722184
Q17205,R746724
Q17216,R603240
Q17224,R994494
Q17230,R327346
Q17231,R330019
Q17235,R563298
Q17238,R781084
Q17246,R707392
Q17251,R942029
Q17256,R604885
Q17259,R311282
Q17275,R916248
Q17276,R013802
Q17281,R012653
Q17283,R281415
Q17293,R745981
Q17307,R764786
Q17320,R186405
Q17325,R429152
Q17326,R712450
Q17332,R908174
Q17336,R729068
Q17339,R346256
Q17346,R910333
Q17349,R192026
Q17354,R196065
Q17360,R276631
Q17361,R921977
Q17364,R784032
Q17365,R759196
Q17369,R100629
Q17370,R292116
Q17378,R833690
Q17387,R755561
Q17393,R146644
Q17400,R226609
Q17402,R330440
Q17407,R139492
Q17411,R799339
Q17417,R712477
Q17431,R088074
Q17432,R490879
Q17437,R223495
Q17438,R333019
Q17446,R130768
Q17449,R084560
Q17457,R226392
Q17458,R842976
Q17463,R372499
Q17469,R860474
Q17473,R866726
Q17476,R258780
Q17489,R143094
Q17492,R495268
Q17493,R817952
Q17504,R121349
Q17506,R304766
Q17517,R414933
Q17518,R381855
Q17522,R288840
Q17528,R577529
Q17531,R393362
Q17537,R333419
Q17541,R418109
Q17556,R425577
Q17560,R212112
Q17561,R374967
Q17562,R145017
Q17563,R882682
Q17564,R735983
Q17574,R469218
Q17592,R807474
Q17593,R801404
Q17596,R136975
Q17597,R449483
Q17598,R699568
Q17617,R852214
Q17618,R078897
Q17621,R797989
Q17630,R768596
Q17634,R977125
Q17636,R166453
Q17645,R698048
Q17648,R578125
Q17658,R872313
Q17665,R220204
Q17668,R889796
Q17687,R728255
Q17690,R618361
Q17691,R585690
Q17694,R711058
Q17695,R406215
Q17707,R472073
Q17708,R214724
Q17710,R829369
Q17716,R018607
Q17717,R903353
Q17731,R850940
Q17732,R347997
Q17735,R053746
Q17737,R893424
Q17742,R507787
Q17750,R238117
Q17756,R864309
Q17757,R968579
Q17763,R952422
Q17765,R524497
Q17768,R050884
Q17769,R258313
Q17770,R918890
Q17773,R562053
Q17784,R977837
Q17790,R729585
Q17792,R668498
Q17796,R844718
Q17802,R713796
Q17803,R597275
Q17805,R848338
Q17807,R587271
Q17808,R227281
Q17813,R387072
Q17815,R543838
Q17828,R729403
Q17831,R218267
Q17833,R810439
Q17837,R792022
Q17839,R906012
Q17849,R139525
Q17850,R294495
Q17856,R489053
Q17864,R195761
Q17872,R346038
Q17876,R262434
Q17885,R302732
Q17898,R027382
Q17900,R255224
Q17902,R774447
Q17903,R736837
Q17904,R219151
Q17913,R947382
Q17918,R290241
Q17920,R067424
Q17926,R242974
Q17929,R877812
Q17935,R646569
Q17938,R479840
Q17943,R013815
Q17945,R290947
Q17957,R839315
Q17959,R273175
Q17961,R386450
Q17966,R957869
Q17969,R886645
Q17970,R349485
Q17971,R657247
Q17972,R993068
Q17974,R967339
Q17976,R039454
Q17978,R724100
Q17981,R372075
Q17985,R313616
Q17991,R727403
Q17992,R814392
Q17994,R870067
Q18000,R833819
Q18007,R290942
Q18008,R856639
Q18014,R652158
Q18015,R012805
Q18020,R036825
Q18021,R384239
Q18024,R675182
Q18025,R293971
Q18028,R862622
Q18030,R657162
Q18033,R981092
Q18038,R655707
Q18044,R770571
Q18045,R073441
Q18060,R354025
Q18066,R837980
Q18067,R265776
Q18071,R999800
Q18072,R385618
Q18089,R426423
Q18091,R133232
Q18092,R857814
Q18094,R444594
Q18096,R744755
Q18101,R545626
Q18112,R224527
Q18114,R910141
Q18115,R658257
Q18117,R538642
Q18119,R821599
Q18130,R985563
Q18134,R313443
Q18136,R982034
Q18137,R364095
Q18138,R393191
Q18140,R982427
Q18142,R913412
Q18146,R181826
Q18150,R313505
Q18172,R439107
Q18173,R851272
Q18182,R121925
Q18193,R472476
Q18210,R228119
Q18211,R558421
Q18214,R569887
Q18215,R540346
Q18225,R462517
Q18226,R055593
Q18232,R340768
Q18234,R900132
Q18236,R385032
Q18242,R259482
Q18250,R671644
Q18256,R518648
Q18258,R299612
Q18260,R989861
Q18261,R442684
Q18268,R093916
Q18270,R811535
Q18271,R744973
Q18274,R019829
Q18277,R481471
Q18280,R920151
Q18283,R277975
Q18291,R587927
Q18309,R253426
Q18323,R973973
Q18328,R057695
Q18333,R275699
Q18336,R864027
Q18339,R312813
Q18340,R376916
Q18350,R884102
Q18356,R749015
Q18357,R014220
Q18363,R712189
Q18364,R874515
Q18383,R833121
Q18388,R671665
Q18393,R459037
Q18402,R457339
Q18406,R775524
Q18411,R187132
Q18412,R751106
Q18413,R530607
Q18422,R518728
Q18425,R052551
Q18426,R750935
Q18428,R615420
Q18429,R138566
Q18438,R721945
Q18443,R564899
Q18447,R052485
Q18451,R531489
Q18459,R327256
Q18464,R078795
Q18465,R835950
Q18469,R989283
Q18470,R600657
Q18479,R043621
Q18486,R963773
Q18489,R544487
Q18491,R428149
Q18495,R504091
Q18499,R216721
Q18511,R658194
Q18515,R921099
Q18518,R240706
Q18519,R306572
Q18521,R829686
Q18526,R115817
Q18531,R142857
Q18535,R091206
Q18545,R961509
Q18552,R144751
Q18555,R548316
Q18564,R836713
Q18566,R816341
Q18568,R724525
Q18573,R514967
Q18577,R159804
Q18578,R660011
Q18579,R217588
Q18587,R740779
Q18595,R031096
Q18607,R158256
Q18611,R191328
Q18613,R491019
Q18624,R545690
Q18633,R136972
Q18636,R222671
Q18647,R307972
Q18655,R501570
Q18657,R598150
Q18661,R329463
Q18667,R653902
Q18668,R591331
Q18670,R905898
Q18671,R348449
Q18685,R568428
Q18687,R043293
Q18696,R513115
Q18703,R389515
Q18710,R443199
Q18713,R358658
Q18720,R101113
Q18722,R286922
Q18725,R707672
Q18727,R828774
Q18730,R349506
Q18742,R971973
Q18743,R063917
Q18768,R095566
Q18773,R233247
Q18776,R428956
Q18780,R760126
Q18790,R699760
Q18795,R832247
Q18798,R889633
Q18800,R300565
Q18804,R657819
Q18810,R088098
Q18817,R983061
Q18821,R553758
Q18828,R473724
Q18841,R513238
Q18854,R950964
Q18860,R319120
Q18868,R529469
Q18871,R826590
Q18874,R764008
Q18876,R713910
Q18881,R686332
Q18906,R371287
Q18915,R364501
Q18936,R697652
Q18939,R413812
Q18943,R650988
Q18948,R331830
Q18950,R549312
Q18954,R797016
Q18956,R300422
Q18960,R605690
Q18978,R353716
Q18979,R462182
Q18988,R904742
Q18990,R553869
Q18994,R115803
Q18997,R267457
Q19005,R425879
Q19010,R457766
Q19012,R951832
Q19013,R346959
Q19014,R213685
Q19021,R122171
Q19027,R384217
Q19031,R058815
Q19032,R902029
Q19034,R492690
Q19037,R580236
Q19039,R298114
Q19040,R885694
Q19042,R935977
Q19047,R677100
Q19053,R042516
Q19055,R247591
Q19058,R718667
Q19071,R749252
Q19079,R295379
Q19081,R462038
Q19091,R491545
Q19098,R590510
Q19105,R580294
Q19115,R951442
Q19126,R416921
Q19128,R855241
Q19131,R172138
Q19132,R249468
Q19135,R958368
Q19145,R525848
Q19153,R331807
Q19160,R691355
Q19164,R984372
Q19167,R410956
Q19176,R207195
Q19180,R755960
Q19181,R624173
Q19183,R409915
Q19187,R747605
Q19192,R135008
Q19194,R319954
Q19196,R616596
Q19199,R560737
Q19203,R366858
Q19204,R093986
Q19209,R875901
Q19217,R278710
Q19224,R940305
Q19226,R719848
Q19227,R382322
Q19235,R700106
Q19238,R459695
Q19246,R910429
Q19248,R426656
Q19251,R932178
Q19253,R503904
Q19257,R271183
Q19268,R203892
Q19275,R189509
Q19284,R297182
Q19287,R398066
Q19289,R348867
Q19292,R252341
Q19299,R268523
Q19303,R487071
Q19313,R501771
Q19314,R591778
Q19315,R344113
Q19317,R983109
Q19328,R862682
Q19340,R172415
Q19341,R805818
Q19343,R880208
Q19349,R829038
Q19350,R757873
Q19354,R380151
Q19360,R568893
Q19369,R745929
Q19370,R300919
Q19372,R769117
Q19376,R454566
Q19381,R670510
Q19392,R193506
Q19394,R224171
Q19396,R252358
Q19403,R745739
Q19405,R934900
Q19408,R668518
Q19409,R063652
Q19419,R850750
Q19426,R192844
Q19432,R680190
Q19436,R339028
Q19439,R835662
Q19441,R330956
Q19446,R107385
Q19450,R850206
Q19455,R703692
Q19456,R645491
Q19459,R880155
Q19460,R854539
Q19464,R600546
Q19477,R431874
Q19478,R367492
Q19485,R007137
Q19489,R423183
Q19510,R402788
Q19514,R990474
Q19519,R803476
Q19520,R694448
Q19521,R777623
Q19527,R271732
Q19535,R475599
Q19541,R617105
Q19553,R594825
Q19556,R218643
Q19558,R897747
Q19564,R278112
Q19565,R385849
Q19566,R193908
Q19577,R560471
Q19580,R632102
Q19581,R201696
Q19584,R467999
Q19591,R555949
Q19595,R837148
Q19597,R091785
Q19601,R147494
Q19609,R485492
Q19610,R549318
Q19614,R051538
Q19619,R313449
Q19621,R626479
Q19625,R618815
Q19627,R349736
Q19629,R117841
Q19631,R701631
Q19634,R862729
Q19651,R811905
Q19653,R215740
Q19654,R964683
Q19655,R055285
Q19658,R243664
Q19661,R851843
Q19667,R499993
Q19670,R778601
Q19677,R057191
Q19679,R204720
Q19684,R395734
Q19685,R339338
Q19706,R917063
Q19716,R843504
Q19724,R265621
Q19730,R486745
Q19732,R679949
Q19733,R698917
Q19738,R090196
Q19741,R990534
Q19747,R949193
Q19752,R822966
Q19759,R661818
Q19765,R851236
Q19769,R239269
Q19774,R463130
Q19780,R491619
Q19791,R436147
Q19795,R358929
Q19796,R895269
Q19799,R886420
Q19801,R847308
Q19802,R540270
Q19803,R094706
Q19811,R775662
Q19824,R570371
Q19829,R011487
Q19831,R100434
Q19843,R456206
Q19847,R846276
Q19849,R339530
Q19851,R292205
Q19852,R710411
Q19857,R432093
Q19861,R685854
Q19862,R635277
Q19867,R501601
Q19872,R198847
Q19876,R885149
Q19885,R671118
Q19888,R733951
Q19910,R130700
Q19917,R349767
Q19919,R442285
Q19932,R463623
Q19933,R930893
Q19934,R055356
Q19937,R524602
Q19944,R417313
Q19948,R488447
Q19949,R817673
Q19950,R426463
Q19955,R681485
Q19956,R114595
Q19960,R613399
Q19962,R027234
Q19970,R697314
Q19975,R870391
Q19978,R889242
Q19987,R979673
Q20000,R093045
Q20004,R260182
Q20006,R188662
Q20014,R538938
Q20017,R420532
Q20030,R067838
Q20031,R567662
Q20039,R076122
Q20041,R485060
Q20047,R914707
Q20062,R917046
Q20067,R186806
Q20069,R591464
Q20075,R726381
Q20087,R226152
Q20088,R245838
Q20091,R746151
Q20093,R708292
Q20098,R223877
Q20100,R319846
Q20108,R428435
Q20109,R041942
Q20115,R901646
Q20122,R631809
Q20129,R762924
Q20130,R692918
Q20131,R559082
Q20135,R270263
Q20136,R813372
Q20137,R091636
Q20141,R854769
Q20143,R669268
Q20154,R891565
Q20163,R476846
Q20167,R558829
Q20171,R985494
Q20173,R589290
Q20179,R720049
Q20180,R596041
Q20189,R611824
Q20193,R805441
Q20196,R579356
Q20216,R884987
Q20219,R672408
Q20220,R856369
Q20227,R266446
Q20243,R694551
Q20245,R874045
Q20248,R107483
Q20254,R283543
Q20256,R466337
Q20263,R105213
Q20270,R894383
Q20272,R393807
Q20299,R271153
Q20310,R053000
Q20311,R769561
Q20314,R849836
Q20316,R297692
Q20317,R437931
Q20318,R640892
Q20323,R823762
Q20328,R067102
Q20335,R502147
Q20337,R757362
Q20342,R456877
Q20346,R149909
Q20349,R424957
Q20350,R314455
Q20354,R121457
Q20366,R785325
Q20369,R698438
Q20376,R978411
Q20377,R193261
Q20378,R714108
Q20381,R700095
Q20388,R042857
Q20396,R960040
Q20397,R976726
Q20398,R826905
Q20408,R194524
Q20410,R230779
Q20411,R205535
Q20419,R438402
Q20424,R627369
Q20429,R900533
Q20430,R524823
Q20440,R422235
Q20462,R962727
Q20468,R485642
Q20470,R227603
Q20477,R332583
Q20483,R161425
Q20491,R759683
Q20492,R006466
Q20502,R339779
Q20504,R977501
Q20511,R884011
Q20513,R738616
Q20519,R348508
Q20525,R990774
Q20533,R438125
Q20537,R894154
Q20541,R033570
Q20551,R245588
Q20558,R274154
Q20560,R151119
Q20562,R952403
Q20563,R503122
Q20576,R377364
Q20585,R865608
Q20586,R041535
Q20592,R309571
Q20594,R676713
Q20604,R013801
Q20612,R475679
Q20623,R843238
Q20633,R549912
Q20638,R784122
Q20642,R677547
Q20644,R569692
Q20654,R128696
Q20661,R497220
Q20665,R581962
Q20670,R242799
Q20682,R354726
Q20695,R409028
Q20699,R617622
Q20706,R665129
Q20707,R430187
Q20708,R848442
Q20713,R225183
Q20719,R847599
Q20722,R029779
Q20731,R996263
Q20733,R613234
Q20736,R882622
Q20738,R369771
Q20742,R551531
Q20746,R390689
Q20751,R791692
Q20757,R311357
Q20764,R263719
Q20767,R334202
Q20769,R062929
Q20778,R637025
Q20796,R564737
Q20799,R661215
Q20803,R055055
Q20816,R348669
Q20820,R254288
Q20823,R323196
Q20828,R466723
Q20831,R013266
Q20832,R501385
Q20859,R430457
Q20862,R872424
Q20863,R540840
Q20866,R343214
Q20867,R215140
Q20870,R085584
Q20873,R916377
Q20875,R166850
Q20878,R594155
Q20880,R941902
Q20885,R024270
Q20887,R571307
Q20889,R116797
Q20893,R096218
Q20896,R241145
Q20899,R987367
Q20900,R076839
Q20909,R204801
Q20918,R308779
Q20920,R039627
Q20926,R349037
Q20927,R005994
Q20933,R274801
Q20947,R471992
Q20948,R149569
Q20950,R469808
Q20959,R616044
Q20961,R591538
Q20963,R913558
Q20964,R796472
Q20969,R485633
Q20971,R722759
Q20993,R765990
Q20994,R648108
Q20996,R760760
Q20999,R416771
Q21003,R107306
Q21005,R349333
Q21015,R118560
Q21020,R062807
Q21022,R621915
Q21029,R094448
Q21031,R263209
Q21033,R254096
Q21040,R344533
Q21045,R313609
Q21054,R031975
Q21056,R266517
Q21060,R015862
Q21061,R990001
Q21067,R421217
Q21070,R047768
Q21071,R374263
Q21073,R566316
Q21075,R912584
Q21078,R483299
Q21094,R545345
Q21105,R525143
Q21107,R196423
Q21115,R444559
Q21122,R337843
Q21128,R172278
Q21135,R687351
Q21145,R608906
Q21164,R796647
Q21168,R449941
Q21169,R673525
Q21172,R620754
Q21175,R185374
Q21176,R832520
Q21184,R891801
Q21198,R060318
Q21202,R199448
Q21203,R580690
Q21207,R354249
Q21209,R779456
Q21212,R349527
Q21214,R613842
Q21228,R067493
Q21233,R186808
Q21238,R580480
Q21248,R152087
Q21250,R005068
Q21255,R143235
Q21263,R758918
Q21273,R388543
Q21274,R043967
Q21278,R678764
Q21279,R651483
Q21286,R234601
Q21297,R244925
Q21299,R916414
Q21310,R812565
Q21325,R900228
Q21327,R354518
Q21329,R423599
Q21332,R991640
Q21337,R295154
Q21343,R472722
Q21344,R715053
Q21346,R245533
Q21359,R731360
Q21365,R698866
Q21366,R106699
Q21370,R743907
Q21380,R340226
Q21381,R389051
Q21388,R480430
Q21393,R586409
Q21395,R210442
Q21401,R185714
Q21406,R557605
Q21410,R651542
Q21411,R593823
Q21413,R009516
Q21417,R441635
Q21424,R644524
Q21429,R417889
Q21432,R575025
Q21439,R285166
Q21446,R149522
Q21449,R997121
Q21462,R947339
Q21463,R727815
Q21465,R695113
Q21467,R598218
Q21469,R907656
Q21480,R122557
Q21486,R548081
Q21496,R381359
Q21497,R542622
Q21505,R841145
Q21512,R973200
Q21516,R186025
Q21525,R918019
Q21527,R266927
Q21530,R623826
Q21536,R105944
Q21542,R646054
Q21544,R294632
Q21553,R932747
Q21557,R868890
Q21577,R432362
Q21579,R695702
Q21582,R330357
Q21589,R733414
Q21595,R140060
Q21598,R987637
Q21601,R966336
Q21616,R419565
Q21617,R495005
Q21621,R778412
Q21622,R718417
Q21625,R744084
Q21627,R815838
Q21632,R049071
Q21636,R749450
Q21638,R638668
Q21639,R131746
Q21640,R194905
Q21658,R630341
Q21659,R610047
Q21663,R816431
Q21671,R506701
Q21677,R418434
Q21679,R408593
Q21688,R115921
Q21690,R659989
Q21696,R895884
Q21701,R275423
Q21703,R854334
Q21714,R144343
Q21715,R861276
Q21716,R236543
Q21718,R201542
Q21721,R194403
Q21731,R406263
Q21733,R322396
Q21752,R798253
Q21757,R965640
Q21758,R603544
Q21760,R040789
Q21768,R200515
Q21772,R506908
Q21780,R689748
Q21781,R233057
Q21785,R722174
Q21786,R169082
Q21787,R195033
Q21789,R467870
Q21793,R578400
Q21795,R010049
Q21801,R129678
Q21807,R890873
Q21813,R437975
Q21815,R034624
Q21816,R305863
Q21817,R728497
Q21826,R059000
Q21827,R160718
Q21828,R029787
Q21829,R448201
Q21840,R310933
Q21844,R663954
Q21849,R734024
Q21850,R427483
Q21852,R955769
Q21854,R753832
Q21859,R510496
Q21861,R197415
Q21864,R972921
Q21867,R326141
Q21870,R612427
Q21873,R146879
Q21876,R813245
Q21879,R069496
Q21884,R661037
Q21885,R234302
Q21890,R936896
Q21891,R478936
Q21908,R859797
Q21916,R228063
Q21924,R172631
Q21928,R670631
Q21929,R909859
Q21932,R487734
Q21943,R704302
Q21945,R969713
Q21954,R502154
Q21960,R791022
Q21961,R050923
Q21964,R374375
Q21968,R420972
Q21970,R079394
Q21979,R229435
Q21984,R516875
Q21990,R552943
Q21995,R022135
Q21999,R874140
Q22008,R200120
Q22020,R027484
Q22024,R645160
Q22032,R915269
Q22040,R224955
Q22043,R603844
Q22044,R548748
Q22051,R132136
Q22056,R105318
Q22057,R515495
Q22060,R589669
Q22067,R729114
Q22068,R091125
Q22073,R195511
Q22077,R065225
Q22087,R365980
Q22090,R784775
Q22103,R394576
Q22107,R366716
Q22111,R842583
Q22115,R097893
Q22116,R566626
Q22118,R017662
Q22127,R204195
Q22136,R644206
Q22141,R860299
Q22142,R722747
Q22143,R538445
Q22145,R071462
Q22146,R691744
Q22147,R734827
Q22153,R649321
Q22154,R121503
Q22157,R278406
Q22166,R826094
Q22169,R830644
Q22182,R148245
Q22194,R358698
Q22195,R849048
Q22208,R355873
Q22216,R751301
Q22219,R465765
Q22224,R797522
Q22225,R339981
Q22230,R200572
Q22232,R934803
Q22238,R232402
Q22240,R566830
Q22250,R165090
Q22266,R575431
Q22267,R516522
Q22269,R004491
Q22276,R291672
Q22280,R826156
Q22286,R969347
Q22289,R651457
Q22294,R374833
Q22297,R259335
Q22299,R009214
Q22301,R406505
Q22302,R578979
Q22309,R234610
Q22315,R789871
Q22316,R953334
Q22327,R468179
Q22337,R553801
Q22343,R460153
Q22353,R705112
Q22356,R592883
Q22357,R981703
Q22366,R512065
Q22368,R480323
Q22372,R720374
Q22376,R786940
Q22378,R192785
Q22387,R649582
Q22389,R712340
Q22400,R844177
Q22403,R827593
Q22407,R072041
Q22408,R187886
Q22411,R001748
Q22412,R463089
Q22419,R554365
Q22421,R059116
Q22428,R770841
Q22430,R817556
Q22431,R994727
Q22436,R204378
Q22439,R639891
Q22442,R896666
Q22447,R961948
Q22451,R924827
Q22458,R668274
Q22459,R945203
Q22462,R304285
Q22472,R426084
Q22474,R158396
Q22478,R209577
Q22485,R259573
Q22489,R866947
Q22493,R260611
Q22496,R569679
Q22503,R062127
Q22504,R143695
Q22511,R869659
Q22514,R213058
Q22516,R776010
Q22521,R577452
Q22529,R337295
Q22533,R042339
Q22536,R050437
Q22542,R661243
Q22543,R507206
Q22545,R767336
Q22557,R686879
Q22574,R097744
Q22583,R878356
Q22585,R536184
Q22599,R844903
Q22603,R562533
Q22616,R338559
Q22632,R440190
Q22633,R900184
Q22634,R185231
Q22638,R088174
Q22641,R412266
Q22647,R055449
Q22649,R889478
Q22650,R746966
Q22658,R650107
Q22662,R358473
Q22675,R364380
Q22699,R772800
Q22718,R308134
Q22722,R361207
Q22728,R003916
Q22734,R203954
Q22740,R771233
Q22742,R776341
Q22744,R381683
Q22756,R628068
Q22759,R148060
Q22761,R772697
Q22767,R910309
Q22771,R322483
Q22775,R294621
Q22792,R176482
Q22793,R798004
Q22800,R317860
Q22801,R791012
Q22813,R012461
Q22819,R547397
Q22822,R896995
Q22823,R636185
Q22830,R692575
Q22831,R950757
Q22834,R776122
Q22837,R103144
Q22845,R601061
Q22862,R080554
Q22882,R305809
Q22889,R246111
Q22904,R181151
Q22913,R346317
Q22917,R404870
Q22926,R435779
Q22934,R830635
Q22940,R334932
Q22950,R540108
Q22951,R051119
Q22952,R389197
Q22957,R813272
Q22968,R512858
Q22969,R892935
Q22972,R990176
Q22984,R179358
Q22991,R565565
Q22994,R934628
Q22996,R995508
Q23004,R044205
Q23007,R649649
Q23011,R154876
Q23012,R872515
Q23014,R954436
Q23015,R359631
Q23016,R006697
Q23017,R404078
Q23020,R682883
Q23024,R956569
Q23030,R654395
Q23046,R938073
Q23048,R974242
Q23059,R238472
Q23062,R181511
Q23063,R037812
Q23064,R133248
Q23070,R935041
Q23076,R921158
Q23080,R201901
Q23088,R725975
Q23089,R768949
Q23093,R688935
Q23096,R836641
Q23108,R970789
Q23115,R790977
Q23117,R716320
Q23129,R675705
Q23135,R725063
Q23140,R613009
Q23147,R088131
Q23151,R888650
Q23153,R637824
Q23158,R112375
Q23161,R950875
Q23164,R662282
Q23169,R635649
Q23170,R574376
Q23177,R586333
Q23178,R430219
Q23179,R189180
Q23188,R899026
Q23190,R710402
Q23204,R627551
Q23208,R388575
Q23209,R356142
Q23220,R167231
Q23222,R129073
Q23223,R140888
Q23225,R095849
Q23242,R781946
Q23250,R572200
Q23256,R299762
Q23257,R372771
Q23266,R472814
Q23280,R277343
Q23284,R913792
Q23293,R025285
Q23298,R681460
Q23300,R144220
Q23303,R342678
Q23312,R151020
Q23329,R012140
Q23336,R644326
Q23342,R857023
Q23343,R571667
Q23344,R888881
Q23345,R067190
Q23352,R559317
Q23360,R339361
Q23366,R305914
Q23376,R329201
Q23380,R943852
Q23382,R407568
Q23386,R703916
Q23391,R777065
Q23394,R974297
Q23400,R899319
Q23403,R997176
Q23405,R532791
Q23410,R464047
Q23412,R982209
Q23415,R521423
Q23418,R683200
Q23421,R389259
Q23426,R212999
Q23427,R753319
Q23430,R966603
Q23432,R357684
Q23436,R703783
Q23450,R890528
Q23479,R240862
Q23488,R023401
Q23490,R528802
Q23491,R728068
Q23506,R146109
Q23507,R756374
Q23509,R951246
Q23512,R356398
Q23515,R609060
Q23522,R880332
Q23528,R338897
Q23531,R722433
Q23534,R104312
Q23536,R246209
Q23537,R136127
Q23539,R297040
Q23545,R448171
Q23546,R238702
Q23548,R549043
Q23554,R110778
Q23555,R195330
Q23558,R173444
Q23570,R242673
Q23580,R632885
Q23582,R441412
Q23593,R254814
Q23614,R117804
Q23615,R159274
Q23616,R791669
Q23619,R303397
Q23623,R780918
Q23630,R405079
Q23632,R245110
Q23633,R625770
Q23649,R014678
Q23652,R981230
Q23653,R378717
Q23662,R639860
Q23664,R844818
Q23671,R107688
Q23673,R840439
Q23676,R667830
Q23681,R391228
Q23683,R346544
Q23684,R616172
Q23691,R320947
Q23701,R894667
Q23706,R488098
Q23708,R929575
Q23711,R866379
Q23721,R371148
Q23723,R862052
Q23735,R000076
Q23738,R831521
Q23741,R375286
Q23744,R775105
Q23749,R506991
Q23750,R265506
Q23751,R685172
Q23753,R125669
Q23755,R112449
Q23756,R945706
Q23759,R580937
Q23772,R506417
Q23773,R793223
Q23774,R870859
Q23779,R857847
Q23784,R535228
Q23788,R289588
Q23793,R829604
Q23799,R640048
Q23804,R469107
Q23807,R713386
Q23809,R121849
Q23823,R039335
Q23825,R533889
Q23826,R746166
Q23828,R853881
Q23829,R712956
Q23833,R708610
Q23835,R078729
Q23840,R814899
Q23843,R374837
Q23849,R593765
Q23865,R108750
Q23872,R351350
Q23875,R939804
Q23879,R987124
Q23881,R311097
Q23887,R223572
Q23890,R836363
Q23892,R174540
Q23901,R224636
Q23910,R271669
Q23916,R360148
Q23923,R673919
Q23924,R433589
Q23925,R907748
Q23948,R528779
Q23949,R770037
Q23954,R122550
Q23959,R383916
Q23976,R440861
Q23978,R352655
Q23982,R383687
Q23989,R749548
Q23990,R312515
Q23996,R927839
Q23997,R679378
Q23999,R154397
Q24003,R089447
Q24008,R004287
Q24014,R898615
Q24018,R307622
Q24022,R736119
Q24026,R285372
Q24034,R048322
Q24037,R595695
Q24041,R143398
Q24046,R060579
Q24056,R283824
Q24057,R160157
Q24058,R204180
Q24060,R445025
Q24063,R696405
Q24066,R217770
Q24067,R139442
Q24070,R912946
Q24072,R923638
Q24086,R838822
Q24091,R579338
Q24093,R503428
Q24104,R502318
Q24106,R195277
Q24111,R951435
Q24112,R326623
Q24114,R902609
Q24116,R604832
Q24122,R525199
Q24124,R336408
Q24133,R379545
Q24139,R372130
Q24141,R885169
Q24144,R182083
Q24145,R000849
Q24148,R798213
Q24152,R181602
Q24153,R924452
Q24161,R834614
Q24164,R974187
Q24166,R804952
Q24167,R672179
Q24169,R256007
Q24179,R934504
Q24180,R834307
Q24182,R825225
Q24185,R569220
Q24189,R214219
Q24206,R571606
Q24208,R437619
Q24214,R338266
Q24220,R450204
Q24226,R978135
Q24227,R426021
Q24228,R475942
Q24231,R280970
Q24232,R911281
Q24242,R936430
Q24252,R013803
Q24264,R882208
Q24270,R792162
Q24277,R433253
Q24280,R197433
Q24296,R849225
Q24301,R500598
Q24302,R994564
Q24305,R773483
Q24311,R905380
Q24316,R400974
Q24328,R218896
Q24332,R264548
Q24346,R344679
Q24359,R809373
Q24361,R102425
Q24368,R957970
Q24370,R563276
Q24371,R152602
Q24372,R262134
Q24373,R575433
Q24382,R264289
Q24387,R048208
Q24390,R240530
Q24394,R868280
Q24400,R872218
Q24408,R986125
Q24409,R252439
Q24410,R502650
Q24413,R940754
Q24415,R771075
Q24420,R940920
Q24425,R748395
Q24428,R356201
Q24434,R524895
Q24436,R002687
Q24438,R465121
Q24439,R473517
Q24440,R543141
Q24442,R685243
Q24450,R278460
Q24473,R227248
Q24479,R723214
Q24484,R378840
Q24485,R412186
Q24490,R873189
Q24493,R102616
Q24494,R555558
Q24495,R163614
Q24510,R165355
Q24511,R437300
Q24512,R625648
Q24515,R536707
Q24518,R830143
Q24521,R895552
Q24526,R101931
Q24528,R519609
Q24532,R562809
Q24537,R354257
Q24538,R157661
Q24544,R235329
Q24548,R324361
Q24551,R007460
Q24554,R127856
Q24560,R139461
Q24585,R195928
Q24586,R900110
Q24588,R626364
Q24594,R293267
Q24595,R836212
Q24601,R278089
Q24609,R806060
Q24617,R984627
Q24639,R718047
Q24641,R126622
Q24642,R836546
Q24643,R662451
Q24647,R582788
Q24648,R812728
Q24652,R508755
Q24663,R412573
Q24667,R809645
Q24668,R713224
Q24670,R999324
Q24672,R570886
Q24677,R484671
Q24681,R687268
Q24683,R753276
Q24692,R121282
Q24697,R603771
Q24698,R057632
Q24714,R494360
Q24715,R155309
Q24716,R639237
Q24717,R194589
Q24723,R712883
Q24733,R113154
Q24740,R728795
Q24742,R323375
Q24743,R765954
Q24766,R137443
Q24774,R799024
Q24782,R322072
Q24786,R844676
Q24789,R540735
Q24792,R051010
Q24797,R634769
Q24808,R918009
Q24811,R954359
Q24813,R010047
Q24815,R902041
Q24816,R581149
Q24829,R090174
Q24830,R390315
Q24837,R000045
Q24847,R896018
Q24861,R085110
Q24868,R555315
Q24888,R493211
Q24890,R496878
Q24892,R157768
Q24893,R215036
Q24894,R865664
Q24897,R475759
Q24909,R675986
Q24911,R156108
Q24917,R725156
Q24919,R686439
Q24920,R876855
Q24923,R077336
Q24929,R460297
Q24938,R473556
Q24941,R886436
Q24949,R687981
Q24950,R089932
Q24960,R554113
Q24965,R599754
Q24969,R179947
Q24972,R277580
Q24978,R043792
Q24982,R626401
Q24985,R430471
Q24986,R522307
Q24987,R291686
Q24988,R824481
Q24990,R275296
Q24991,R249036
Q24992,R687723
Q24999,R473589
